symbol,price_date,price,market_cap
006220,2026-06-18,12010.0,454000000000.0
024110,2026-06-18,21850.0,17423800000000.0
021880,2026-06-18,136.0,28900000000.0
023760,2026-06-18,716.0,226000000000.0
026890,2026-06-18,6820.0,264400000000.0
027360,2026-06-18,6480.0,785000000000.0
029780,2026-06-18,49600.0,5746600000000.0
034830,2026-06-18,1240.0,313100000000.0
041190,2026-06-18,5540.0,465400000000.0
055550,2026-06-18,100800.0,47845200000000.0
071050,2026-06-18,230500.0,12844800000000.0
086790,2026-06-18,126100.0,34597800000000.0
100790,2026-06-18,25500.0,1354700000000.0
105560,2026-06-18,163100.0,57849600000000.0
123890,2026-06-18,2350.0,287600000000.0
138040,2026-06-18,112200.0,18776400000000.0
138930,2026-06-18,17730.0,5502100000000.0
139130,2026-06-18,17300.0,2778800000000.0
175330,2026-06-18,26600.0,5007500000000.0
246690,2026-06-18,1317.0,62600000000.0
289080,2026-06-18,2310.0,138900000000.0
293580,2026-06-18,1609.0,152700000000.0
316140,2026-06-18,31550.0,23160100000000.0
000020,2026-06-18,5190.0,145000000000.0
000040,2026-06-18,335.0,28900000000.0
000050,2026-06-18,8450.0,231700000000.0
000070,2026-06-18,54500.0,423100000000.0
000080,2026-06-18,15630.0,1096200000000.0
000100,2026-06-18,78200.0,6228400000000.0
000120,2026-06-18,81400.0,1856900000000.0
000140,2026-06-18,8290.0,192400000000.0
000150,2026-06-18,1634000.0,26460700000000.0
000180,2026-06-18,5170.0,72100000000.0
000210,2026-06-18,52400.0,1098100000000.0
000220,2026-06-18,3965.0,67500000000.0
000230,2026-06-18,7000.0,80800000000.0
000240,2026-06-18,24650.0,2340200000000.0
000250,2026-06-18,263000.0,6169300000000.0
000270,2026-06-18,158800.0,61997600000000.0
000300,2026-06-18,4200.0,174000000000.0
000320,2026-06-18,17950.0,238600000000.0
000390,2026-06-18,6560.0,178500000000.0
000430,2026-06-18,4635.0,287400000000.0
000440,2026-06-18,14320.0,89200000000.0
000480,2026-06-18,4755.0,223000000000.0
000490,2026-06-18,7870.0,226900000000.0
000500,2026-06-18,385500.0,6377400000000.0
000520,2026-06-18,7050.0,152900000000.0
000590,2026-06-18,75300.0,86900000000.0
000640,2026-06-18,84200.0,566900000000.0
000660,2026-06-18,2685000.0,1913605900000000.0
000670,2026-06-18,46000.0,846900000000.0
000680,2026-06-18,3050.0,240300000000.0
000700,2026-06-18,5800.0,151000000000.0
000720,2026-06-18,133200.0,14832600000000.0
000760,2026-06-18,12380.0,34700000000.0
000850,2026-06-18,32750.0,72100000000.0
000860,2026-06-18,13050.0,169700000000.0
000880,2026-06-18,120900.0,8524400000000.0
000910,2026-06-18,3125.0,48800000000.0
000950,2026-06-18,26350.0,44300000000.0
000970,2026-06-18,6640.0,151400000000.0
000990,2026-06-18,154500.0,6721500000000.0
001020,2026-06-18,2270.0,80800000000.0
001040,2026-06-18,183500.0,5354000000000.0
001060,2026-06-18,27250.0,634500000000.0
001070,2026-06-18,5880.0,31200000000.0
001120,2026-06-18,38000.0,1472900000000.0
001130,2026-06-18,11740.0,198400000000.0
001210,2026-06-18,504.0,31200000000.0
001230,2026-06-18,2015.0,313300000000.0
001250,2026-06-18,3015.0,248800000000.0
001260,2026-06-18,8580.0,84400000000.0
001340,2026-06-18,5840.0,263000000000.0
001380,2026-06-18,1475.0,33200000000.0
001390,2026-06-18,4490.0,301900000000.0
001430,2026-06-18,43200.0,1549200000000.0
001440,2026-06-18,39500.0,7741700000000.0
001460,2026-06-18,35400.0,221100000000.0
001470,2026-06-18,347.0,79700000000.0
001520,2026-06-18,565.0,134900000000.0
001530,2026-06-18,22900.0,474400000000.0
001540,2026-06-18,10700.0,139600000000.0
001560,2026-06-18,9880.0,75100000000.0
001570,2026-06-18,9900.0,633300000000.0
001620,2026-06-18,2420.0,53900000000.0
001630,2026-06-18,41100.0,205900000000.0
001680,2026-06-18,17860.0,618800000000.0
001740,2026-06-18,10690.0,2144300000000.0
001780,2026-06-18,1980.0,191700000000.0
001790,2026-06-18,2380.0,205300000000.0
001800,2026-06-18,25550.0,1600600000000.0
001810,2026-06-18,1180.0,26100000000.0
001820,2026-06-18,190100.0,1976100000000.0
001940,2026-06-18,24150.0,342400000000.0
002020,2026-06-18,55000.0,709900000000.0
002030,2026-06-18,187600.0,386200000000.0
002070,2026-06-18,6800.0,16300000000.0
002100,2026-06-18,9300.0,181600000000.0
002140,2026-06-18,1975.0,49300000000.0
002150,2026-06-18,5300.0,178700000000.0
002170,2026-06-18,54300.0,162900000000.0
002200,2026-06-18,2515.0,84300000000.0
002220,2026-06-18,5010.0,133800000000.0
002230,2026-06-18,5630.0,105300000000.0
002240,2026-06-18,19340.0,522200000000.0
002310,2026-06-18,8200.0,323500000000.0
002320,2026-06-18,16660.0,258500000000.0
002350,2026-06-18,7130.0,696400000000.0
002360,2026-06-18,1935.0,21500000000.0
002380,2026-06-18,533000.0,4580000000000.0
002390,2026-06-18,7800.0,107400000000.0
002410,2026-06-18,1935.0,53200000000.0
002450,2026-06-18,1256.0,113700000000.0
002460,2026-06-18,13540.0,137400000000.0
002600,2026-06-18,137500.0,82500000000.0
002680,2026-06-18,374.0,12100000000.0
002710,2026-06-18,12700.0,332900000000.0
002720,2026-06-18,3480.0,73600000000.0
002790,2026-06-18,23200.0,1773800000000.0
002800,2026-06-18,4550.0,69000000000.0
002810,2026-06-18,20300.0,374900000000.0
002820,2026-06-18,1983.0,25000000000.0
002840,2026-06-18,122700.0,582800000000.0
002870,2026-06-18,906.0,31700000000.0
002880,2026-06-18,828.0,38700000000.0
002900,2026-06-18,6570.0,272000000000.0
002920,2026-06-18,1788.0,46400000000.0
002990,2026-06-18,4410.0,164300000000.0
003000,2026-06-18,4460.0,440000000000.0
003030,2026-06-18,133000.0,550800000000.0
003060,2026-06-18,2265.0,32600000000.0
003070,2026-06-18,10070.0,256000000000.0
003080,2026-06-18,2260.0,45200000000.0
003090,2026-06-18,17970.0,1044800000000.0
003100,2026-06-18,19080.0,125900000000.0
003160,2026-06-18,29050.0,822100000000.0
003200,2026-06-18,10700.0,245700000000.0
003220,2026-06-18,8800.0,197400000000.0
003230,2026-06-18,1111000.0,8369200000000.0
003240,2026-06-18,895000.0,996500000000.0
003280,2026-06-18,1772.0,426000000000.0
003300,2026-06-18,17320.0,534000000000.0
003310,2026-06-18,1810.0,64100000000.0
003380,2026-06-18,10610.0,1188400000000.0
003480,2026-06-18,4815.0,142200000000.0
003490,2026-06-18,28850.0,10623200000000.0
003550,2026-06-18,109900.0,16616000000000.0
003570,2026-06-18,41300.0,1373300000000.0
003580,2026-06-18,1595.0,80800000000.0
003610,2026-06-18,5140.0,186100000000.0
003620,2026-06-18,3115.0,630400000000.0
003670,2026-06-18,202000.0,17967100000000.0
003720,2026-06-18,8350.0,283900000000.0
003780,2026-06-18,5080.0,66000000000.0
003800,2026-06-18,32500.0,360400000000.0
003850,2026-06-18,9180.0,787500000000.0
003920,2026-06-18,43250.0,259500000000.0
003960,2026-06-18,26750.0,245100000000.0
004000,2026-06-18,49100.0,1266800000000.0
004020,2026-06-18,33350.0,4450400000000.0
004060,2026-06-18,2810.0,56900000000.0
004080,2026-06-18,13800.0,129700000000.0
004090,2026-06-18,11600.0,147300000000.0
004100,2026-06-18,2985.0,109500000000.0
004140,2026-06-18,2000.0,95900000000.0
004150,2026-06-18,3570.0,146500000000.0
004170,2026-06-18,730000.0,6895000000000.0
004250,2026-06-18,3080.0,113100000000.0
004270,2026-06-18,7000.0,25300000000.0
004360,2026-06-18,13410.0,256300000000.0
004370,2026-06-18,364000.0,2214100000000.0
004380,2026-06-18,9020.0,186700000000.0
004430,2026-06-18,10170.0,244100000000.0
004450,2026-06-18,25650.0,55300000000.0
004490,2026-06-18,61400.0,851000000000.0
004540,2026-06-18,1571.0,58500000000.0
004560,2026-06-18,12930.0,195000000000.0
004590,2026-06-18,5570.0,83600000000.0
004650,2026-06-18,9160.0,84200000000.0
004690,2026-06-18,122400.0,443900000000.0
004710,2026-06-18,13750.0,558700000000.0
004800,2026-06-18,188700.0,3158900000000.0
004830,2026-06-18,3660.0,57400000000.0
004840,2026-06-18,4360.0,84000000000.0
004890,2026-06-18,35550.0,86200000000.0
004910,2026-06-18,3690.0,47200000000.0
004920,2026-06-18,995.0,51900000000.0
004960,2026-06-18,11220.0,129800000000.0
004970,2026-06-18,9110.0,145800000000.0
004980,2026-06-18,8700.0,213300000000.0
004990,2026-06-18,26500.0,2641100000000.0
005010,2026-06-18,4655.0,261600000000.0
005090,2026-06-18,52000.0,749300000000.0
005110,2026-06-18,1254.0,26500000000.0
005160,2026-06-18,2550.0,138300000000.0
005180,2026-06-18,67900.0,629400000000.0
005250,2026-06-18,11250.0,529100000000.0
005290,2026-06-18,62600.0,3190700000000.0
005300,2026-06-18,103200.0,957600000000.0
005320,2026-06-18,1077.0,36800000000.0
005360,2026-06-18,1336.0,25200000000.0
005380,2026-06-18,601000.0,123059400000000.0
005420,2026-06-18,12370.0,475100000000.0
005430,2026-06-18,82900.0,262500000000.0
005440,2026-06-18,13620.0,2123400000000.0
005490,2026-06-18,367000.0,29081600000000.0
005610,2026-06-18,39900.0,344300000000.0
005670,2026-06-18,6500.0,65000000000.0
005680,2026-06-18,14790.0,295800000000.0
005710,2026-06-18,10830.0,217000000000.0
005720,2026-06-18,6380.0,335200000000.0
005740,2026-06-18,5920.0,87900000000.0
005750,2026-06-18,4490.0,74500000000.0
005800,2026-06-18,13030.0,117300000000.0
005810,2026-06-18,37950.0,547100000000.0
005820,2026-06-18,14320.0,32900000000.0
005850,2026-06-18,69400.0,3223500000000.0
005860,2026-06-18,2460.0,96900000000.0
005880,2026-06-18,2060.0,664900000000.0
005930,2026-06-18,362500.0,2119276000000000.0
005950,2026-06-18,14590.0,383600000000.0
005960,2026-06-18,6410.0,147100000000.0
005990,2026-06-18,10700.0,142300000000.0
006040,2026-06-18,32500.0,1434600000000.0
006060,2026-06-18,2670.0,147700000000.0
006110,2026-06-18,54700.0,827300000000.0
006120,2026-06-18,43550.0,758400000000.0
006200,2026-06-18,2320.0,21700000000.0
006260,2026-06-18,417500.0,13026000000000.0
006280,2026-06-18,130600.0,1526300000000.0
006340,2026-06-18,11530.0,904100000000.0
006360,2026-06-18,27700.0,2370600000000.0
006370,2026-06-18,4250.0,46000000000.0
006400,2026-06-18,522000.0,42065600000000.0
006490,2026-06-18,299.0,44200000000.0
006570,2026-06-18,1910.0,29100000000.0
006620,2026-06-18,4125.0,117400000000.0
006650,2026-06-18,129100.0,839200000000.0
006660,2026-06-18,11280.0,91700000000.0
006730,2026-06-18,10600.0,688200000000.0
006740,2026-06-18,5550.0,26400000000.0
006840,2026-06-18,6300.0,83500000000.0
006880,2026-06-18,5150.0,60900000000.0
006890,2026-06-18,6230.0,72300000000.0
006920,2026-06-18,3470.0,37900000000.0
006980,2026-06-18,17450.0,53900000000.0
007070,2026-06-18,23050.0,1927200000000.0
007160,2026-06-18,43200.0,216000000000.0
007210,2026-06-18,1626.0,106300000000.0
007310,2026-06-18,319500.0,1280500000000.0
007340,2026-06-18,42700.0,2498400000000.0
007390,2026-06-18,30650.0,1974900000000.0
007460,2026-06-18,2935.0,69300000000.0
007530,2026-06-18,2045.0,45500000000.0
007540,2026-06-18,42100.0,121100000000.0
007570,2026-06-18,8310.0,158600000000.0
007590,2026-06-18,5840.0,79500000000.0
007610,2026-06-18,5540.0,99700000000.0
007660,2026-06-18,121400.0,8911900000000.0
007680,2026-06-18,3625.0,48700000000.0
007690,2026-06-18,36000.0,333400000000.0
007700,2026-06-18,16260.0,636000000000.0
007720,2026-06-18,299.0,30100000000.0
007770,2026-06-18,7340.0,25800000000.0
007810,2026-06-18,136000.0,3261600000000.0
007820,2026-06-18,3400.0,68100000000.0
007860,2026-06-18,8700.0,204300000000.0
007980,2026-06-18,1812.0,85000000000.0
008060,2026-06-18,21000.0,657000000000.0
008250,2026-06-18,2815.0,30800000000.0
008350,2026-06-18,1209.0,156100000000.0
008470,2026-06-18,3220.0,27100000000.0
008490,2026-06-18,18750.0,216900000000.0
008600,2026-06-18,2620.0,17600000000.0
008700,2026-06-18,1251.0,96500000000.0
008730,2026-06-18,17840.0,442400000000.0
008770,2026-06-18,57600.0,2260700000000.0
008870,2026-06-18,40150.0,40200000000.0
008930,2026-06-18,30100.0,2058600000000.0
008970,2026-06-18,1439.0,149300000000.0
009070,2026-06-18,4445.0,133400000000.0
009140,2026-06-18,26900.0,42300000000.0
009150,2026-06-18,2200000.0,164326100000000.0
009160,2026-06-18,4405.0,288000000000.0
009180,2026-06-18,2830.0,79700000000.0
009190,2026-06-18,1821.0,80100000000.0
009200,2026-06-18,1502.0,62500000000.0
009240,2026-06-18,33850.0,796600000000.0
009270,2026-06-18,1130.0,129700000000.0
009290,2026-06-18,6050.0,301300000000.0
009300,2026-06-18,13810.0,88000000000.0
009310,2026-06-18,5330.0,23300000000.0
009320,2026-06-18,951.0,46900000000.0
009410,2026-06-18,1759.0,523500000000.0
009420,2026-06-18,54900.0,2868000000000.0
009440,2026-06-18,756.0,17600000000.0
009450,2026-06-18,70200.0,1022700000000.0
009470,2026-06-18,42900.0,283700000000.0
009540,2026-06-18,421000.0,29795500000000.0
009580,2026-06-18,1740.0,108500000000.0
009620,2026-06-18,780.0,13600000000.0
009680,2026-06-18,10010.0,217500000000.0
009780,2026-06-18,6140.0,108100000000.0
009810,2026-06-18,1899.0,28800000000.0
009830,2026-06-18,38100.0,6549100000000.0
009900,2026-06-18,8420.0,441800000000.0
009970,2026-06-18,176100.0,2281200000000.0
010040,2026-06-18,1618.0,66400000000.0
010060,2026-06-18,271500.0,5069000000000.0
010100,2026-06-18,4315.0,131400000000.0
010120,2026-06-18,242000.0,36300000000000.0
010130,2026-06-18,1209000.0,25235400000000.0
010140,2026-06-18,27700.0,24376000000000.0
010170,2026-06-18,17650.0,2744300000000.0
010240,2026-06-18,5380.0,63000000000.0
010280,2026-06-18,5310.0,69200000000.0
010400,2026-06-18,3725.0,28400000000.0
010470,2026-06-18,4940.0,59200000000.0
010690,2026-06-18,12030.0,420100000000.0
010770,2026-06-18,4170.0,61000000000.0
010780,2026-06-18,24150.0,729000000000.0
010950,2026-06-18,105100.0,11832500000000.0
010960,2026-06-18,3310.0,79800000000.0
011000,2026-06-18,843.0,76600000000.0
011040,2026-06-18,5170.0,159100000000.0
011070,2026-06-18,1283000.0,30364900000000.0
011080,2026-06-18,2705.0,11600000000.0
011090,2026-06-18,1577.0,18700000000.0
011150,2026-06-18,2030.0,72900000000.0
011170,2026-06-18,79500.0,3400600000000.0
011200,2026-06-18,20450.0,19289200000000.0
011210,2026-06-18,76300.0,2075000000000.0
011230,2026-06-18,3740.0,71700000000.0
011280,2026-06-18,2065.0,146200000000.0
011300,2026-06-18,2445.0,41100000000.0
011320,2026-06-18,4000.0,77300000000.0
011330,2026-06-18,396.0,35700000000.0
011370,2026-06-18,868.0,87600000000.0
011390,2026-06-18,51500.0,54400000000.0
011560,2026-06-18,22550.0,227400000000.0
011690,2026-06-18,4285.0,157300000000.0
011700,2026-06-18,2985.0,96900000000.0
011760,2026-06-18,24900.0,329400000000.0
011780,2026-06-18,129000.0,3245300000000.0
011790,2026-06-18,125600.0,6229500000000.0
011810,2026-06-18,3530.0,109500000000.0
011930,2026-06-18,21150.0,429500000000.0
012030,2026-06-18,1885.0,379200000000.0
012160,2026-06-18,376.0,29400000000.0
012170,2026-06-18,1011.0,20500000000.0
012200,2026-06-18,5940.0,161700000000.0
012320,2026-06-18,49500.0,117100000000.0
012330,2026-06-18,603000.0,54711700000000.0
012340,2026-06-18,1020.0,11500000000.0
012450,2026-06-18,1189000.0,61308900000000.0
012510,2026-06-18,120000.0,3494900000000.0
012610,2026-06-18,4055.0,168800000000.0
012620,2026-06-18,7010.0,30800000000.0
012630,2026-06-18,20900.0,1248600000000.0
012700,2026-06-18,2875.0,75300000000.0
012750,2026-06-18,71200.0,2705500000000.0
012860,2026-06-18,3040.0,222600000000.0
013030,2026-06-18,35150.0,413700000000.0
013120,2026-06-18,2295.0,208400000000.0
013310,2026-06-18,3015.0,117000000000.0
013360,2026-06-18,1790.0,96700000000.0
013520,2026-06-18,2625.0,131400000000.0
013570,2026-06-18,3900.0,102600000000.0
013580,2026-06-18,19960.0,178300000000.0
013700,2026-06-18,1200.0,71700000000.0
013720,2026-06-18,550.0,33500000000.0
013810,2026-06-18,1892.0,27700000000.0
013870,2026-06-18,3950.0,75300000000.0
013890,2026-06-18,9860.0,216200000000.0
013990,2026-06-18,3835.0,126100000000.0
014100,2026-06-18,1685.0,19900000000.0
014130,2026-06-18,2340.0,28100000000.0
014190,2026-06-18,1362.0,48200000000.0
014280,2026-06-18,4370.0,128200000000.0
014440,2026-06-18,4590.0,91800000000.0
014470,2026-06-18,1153.0,69200000000.0
014530,2026-06-18,3185.0,111100000000.0
014580,2026-06-18,3995.0,110200000000.0
014620,2026-06-18,31250.0,829900000000.0
014680,2026-06-18,297500.0,3276300000000.0
014710,2026-06-18,7630.0,131400000000.0
014790,2026-06-18,2730.0,103400000000.0
014820,2026-06-18,20650.0,598700000000.0
014830,2026-06-18,69500.0,470300000000.0
014910,2026-06-18,2820.0,61600000000.0
014940,2026-06-18,5640.0,257000000000.0
014950,2026-06-18,6470.0,64700000000.0
014970,2026-06-18,5060.0,75000000000.0
014990,2026-06-18,480.0,36100000000.0
015230,2026-06-18,6080.0,165000000000.0
015260,2026-06-18,597.0,28100000000.0
015360,2026-06-18,14770.0,402500000000.0
015590,2026-06-18,2280.0,121700000000.0
015750,2026-06-18,7110.0,568800000000.0
015760,2026-06-18,39350.0,25261300000000.0
015860,2026-06-18,7180.0,354300000000.0
015890,2026-06-18,4730.0,138300000000.0
016100,2026-06-18,1379.0,26300000000.0
016250,2026-06-18,11860.0,59700000000.0
016380,2026-06-18,5610.0,561000000000.0
016450,2026-06-18,4500.0,180000000000.0
016580,2026-06-18,10300.0,191600000000.0
016590,2026-06-18,10000.0,403000000000.0
016740,2026-06-18,4285.0,122900000000.0
016790,2026-06-18,994.0,187300000000.0
016800,2026-06-18,26850.0,308800000000.0
016880,2026-06-18,2095.0,167400000000.0
016920,2026-06-18,936.0,24800000000.0
017180,2026-06-18,1273.0,43200000000.0
017250,2026-06-18,1026.0,21600000000.0
017370,2026-06-18,4730.0,86600000000.0
017390,2026-06-18,56700.0,280700000000.0
017550,2026-06-18,2325.0,145100000000.0
017650,2026-06-18,8770.0,77000000000.0
017670,2026-06-18,95900.0,20598400000000.0
017800,2026-06-18,78900.0,3084400000000.0
017810,2026-06-18,9800.0,373600000000.0
017860,2026-06-18,13920.0,247200000000.0
017890,2026-06-18,12300.0,261700000000.0
017900,2026-06-18,9930.0,575400000000.0
017940,2026-06-18,85000.0,583100000000.0
017960,2026-06-18,32000.0,1653600000000.0
018000,2026-06-18,1010.0,262100000000.0
018120,2026-06-18,16990.0,112500000000.0
018250,2026-06-18,11790.0,311400000000.0
018260,2026-06-18,221000.0,17100500000000.0
018290,2026-06-18,12210.0,426600000000.0
018310,2026-06-18,14690.0,215900000000.0
018500,2026-06-18,1603.0,74900000000.0
018620,2026-06-18,2705.0,15600000000.0
018670,2026-06-18,216000.0,1999600000000.0
018700,2026-06-18,1171.0,13700000000.0
018880,2026-06-18,4640.0,4761900000000.0
019010,2026-06-18,5290.0,255000000000.0
019170,2026-06-18,8930.0,468100000000.0
019180,2026-06-18,7050.0,126900000000.0
019210,2026-06-18,21900.0,814500000000.0
019490,2026-06-18,541.0,41300000000.0
019540,2026-06-18,6200.0,83800000000.0
019570,2026-06-18,296.0,28300000000.0
019680,2026-06-18,1002.0,84900000000.0
019990,2026-06-18,6270.0,61200000000.0
020000,2026-06-18,21400.0,459600000000.0
020120,2026-06-18,3165.0,117300000000.0
020150,2026-06-18,51100.0,2675900000000.0
020560,2026-06-18,7430.0,1530500000000.0
020710,2026-06-18,3750.0,75200000000.0
020760,2026-06-18,902.0,51000000000.0
021040,2026-06-18,1039.0,22600000000.0
021050,2026-06-18,1189.0,56400000000.0
021240,2026-06-18,91000.0,6439800000000.0
021650,2026-06-18,2050.0,33500000000.0
021820,2026-06-18,11600.0,116000000000.0
022100,2026-06-18,26550.0,4036500000000.0
022220,2026-06-18,702.0,36400000000.0
023150,2026-06-18,4315.0,31800000000.0
023160,2026-06-18,30550.0,790200000000.0
023350,2026-06-18,4610.0,50500000000.0
023410,2026-06-18,3420.0,264400000000.0
023440,2026-06-18,521.0,47000000000.0
023530,2026-06-18,188700.0,5338100000000.0
023590,2026-06-18,37150.0,1608100000000.0
023600,2026-06-18,8900.0,142500000000.0
023800,2026-06-18,5660.0,89500000000.0
023810,2026-06-18,5390.0,53900000000.0
023900,2026-06-18,7510.0,94600000000.0
023960,2026-06-18,1091.0,41500000000.0
024070,2026-06-18,1911.0,29300000000.0
024120,2026-06-18,3200.0,36800000000.0
024720,2026-06-18,8070.0,276800000000.0
024740,2026-06-18,2275.0,74800000000.0
024800,2026-06-18,4655.0,172500000000.0
024840,2026-06-18,4900.0,203500000000.0
024850,2026-06-18,13800.0,438200000000.0
024880,2026-06-18,4340.0,87500000000.0
024890,2026-06-18,3945.0,32500000000.0
024900,2026-06-18,1900.0,61900000000.0
024910,2026-06-18,1641.0,58800000000.0
024940,2026-06-18,2325.0,23300000000.0
024950,2026-06-18,3555.0,44100000000.0
025000,2026-06-18,51000.0,223300000000.0
025320,2026-06-18,4435.0,408700000000.0
025440,2026-06-18,730.0,35600000000.0
025530,2026-06-18,3490.0,52100000000.0
025540,2026-06-18,74900.0,757600000000.0
025550,2026-06-18,2610.0,66600000000.0
025560,2026-06-18,43100.0,219400000000.0
025620,2026-06-18,6320.0,115000000000.0
025750,2026-06-18,1999.0,32200000000.0
025770,2026-06-18,7600.0,284600000000.0
025860,2026-06-18,6290.0,312500000000.0
025870,2026-06-18,2935.0,11700000000.0
025880,2026-06-18,2540.0,42500000000.0
025900,2026-06-18,7700.0,389300000000.0
025980,2026-06-18,5190.0,505000000000.0
026150,2026-06-18,4570.0,80200000000.0
026910,2026-06-18,4730.0,35100000000.0
026960,2026-06-18,24650.0,2457600000000.0
027040,2026-06-18,2095.0,29200000000.0
027050,2026-06-18,1454.0,58200000000.0
027410,2026-06-18,4150.0,397200000000.0
027580,2026-06-18,1700.0,20100000000.0
027710,2026-06-18,1073.0,119600000000.0
027740,2026-06-18,1320.0,41900000000.0
027970,2026-06-18,619.0,117700000000.0
028050,2026-06-18,49700.0,9741200000000.0
028080,2026-06-18,6150.0,15600000000.0
028100,2026-06-18,16510.0,221100000000.0
028260,2026-06-18,485500.0,78732400000000.0
028300,2026-06-18,50100.0,6673200000000.0
028670,2026-06-18,5130.0,2742300000000.0
029460,2026-06-18,33750.0,371900000000.0
029480,2026-06-18,1498.0,89500000000.0
029530,2026-06-18,42700.0,414900000000.0
030000,2026-06-18,19200.0,2208800000000.0
030190,2026-06-18,14010.0,825400000000.0
030200,2026-06-18,53500.0,13483200000000.0
030350,2026-06-18,973.0,15200000000.0
030520,2026-06-18,19130.0,462600000000.0
030530,2026-06-18,26450.0,2042900000000.0
030720,2026-06-18,5980.0,27800000000.0
031310,2026-06-18,1027.0,30500000000.0
031330,2026-06-18,15950.0,1594900000000.0
031430,2026-06-18,14840.0,519200000000.0
031440,2026-06-18,43200.0,167300000000.0
031510,2026-06-18,1081.0,30300000000.0
031820,2026-06-18,5740.0,69500000000.0
031860,2026-06-18,693.0,18700000000.0
031980,2026-06-18,120500.0,2598300000000.0
032190,2026-06-18,19360.0,741500000000.0
032350,2026-06-18,17000.0,1353200000000.0
032500,2026-06-18,24350.0,1027400000000.0
032540,2026-06-18,3495.0,73000000000.0
032560,2026-06-18,5420.0,92100000000.0
032620,2026-06-18,3080.0,160800000000.0
032640,2026-06-18,15010.0,6370700000000.0
032680,2026-06-18,872.0,18200000000.0
032750,2026-06-18,2905.0,26200000000.0
032790,2026-06-18,1250.0,32100000000.0
032800,2026-06-18,1912.0,23800000000.0
032820,2026-06-18,14780.0,2536300000000.0
032850,2026-06-18,4150.0,69000000000.0
032940,2026-06-18,7620.0,138600000000.0
032960,2026-06-18,11300.0,39800000000.0
032980,2026-06-18,604.0,18400000000.0
033050,2026-06-18,890.0,28300000000.0
033130,2026-06-18,1950.0,72400000000.0
033160,2026-06-18,30000.0,725800000000.0
033170,2026-06-18,550.0,47200000000.0
033200,2026-06-18,3145.0,28900000000.0
033230,2026-06-18,1224.0,61800000000.0
033240,2026-06-18,33150.0,716200000000.0
033250,2026-06-18,4240.0,27100000000.0
033290,2026-06-18,1656.0,93000000000.0
033310,2026-06-18,1360.0,54400000000.0
033320,2026-06-18,3175.0,60700000000.0
033340,2026-06-18,900.0,87300000000.0
033500,2026-06-18,19620.0,588400000000.0
033530,2026-06-18,6810.0,189500000000.0
033540,2026-06-18,879.0,45900000000.0
033560,2026-06-18,3580.0,61200000000.0
033640,2026-06-18,36300.0,837000000000.0
033780,2026-06-18,180400.0,18727400000000.0
033830,2026-06-18,400.0,40000000000.0
033920,2026-06-18,7720.0,220000000000.0
034020,2026-06-18,99600.0,63799900000000.0
034120,2026-06-18,12750.0,236500000000.0
034220,2026-06-18,13530.0,6765000000000.0
034230,2026-06-18,14680.0,1359800000000.0
034310,2026-06-18,11670.0,429000000000.0
034730,2026-06-18,687000.0,49809400000000.0
034810,2026-06-18,6080.0,192000000000.0
034940,2026-06-18,587.0,18200000000.0
034950,2026-06-18,100000.0,454100000000.0
035000,2026-06-18,7090.0,114900000000.0
035080,2026-06-18,8470.0,96800000000.0
035150,2026-06-18,10300.0,206300000000.0
035200,2026-06-18,2895.0,28200000000.0
035250,2026-06-18,15300.0,3273300000000.0
035420,2026-06-18,235000.0,36868600000000.0
035460,2026-06-18,2635.0,39300000000.0
035510,2026-06-18,14900.0,208300000000.0
035600,2026-06-18,9950.0,274200000000.0
035610,2026-06-18,3530.0,96500000000.0
035620,2026-06-18,1009.0,18800000000.0
035720,2026-06-18,39300.0,17399900000000.0
035760,2026-06-18,36750.0,805900000000.0
035810,2026-06-18,4530.0,292300000000.0
035890,2026-06-18,2285.0,525100000000.0
035900,2026-06-18,55900.0,1986300000000.0
036010,2026-06-18,12740.0,169400000000.0
036090,2026-06-18,1344.0,53000000000.0
036120,2026-06-18,1644.0,57800000000.0
036170,2026-06-18,3895.0,239000000000.0
036190,2026-06-18,32600.0,195600000000.0
036200,2026-06-18,11190.0,343100000000.0
036220,2026-06-18,6590.0,94300000000.0
036420,2026-06-18,4995.0,96200000000.0
036460,2026-06-18,34750.0,3207900000000.0
036530,2026-06-18,50500.0,823300000000.0
036540,2026-06-18,7200.0,1184100000000.0
036570,2026-06-18,258500.0,5569100000000.0
036580,2026-06-18,2510.0,92200000000.0
036630,2026-06-18,8410.0,84100000000.0
036640,2026-06-18,4810.0,78700000000.0
036690,2026-06-18,2885.0,125700000000.0
036710,2026-06-18,4855.0,256500000000.0
036800,2026-06-18,28250.0,282500000000.0
036810,2026-06-18,31350.0,678700000000.0
036830,2026-06-18,43100.0,883700000000.0
036890,2026-06-18,15210.0,335100000000.0
036930,2026-06-18,212500.0,9877200000000.0
037030,2026-06-18,5460.0,139300000000.0
037270,2026-06-18,3760.0,239400000000.0
037330,2026-06-18,1080.0,47400000000.0
037350,2026-06-18,9150.0,139200000000.0
037370,2026-06-18,3605.0,31100000000.0
037400,2026-06-18,790.0,20700000000.0
037440,2026-06-18,4545.0,63300000000.0
037460,2026-06-18,43000.0,701700000000.0
037560,2026-06-18,2090.0,161900000000.0
037760,2026-06-18,2435.0,82400000000.0
037950,2026-06-18,2780.0,47000000000.0
038010,2026-06-18,6120.0,55100000000.0
038060,2026-06-18,878.0,42200000000.0
038070,2026-06-18,5020.0,46700000000.0
038110,2026-06-18,2240.0,92200000000.0
038290,2026-06-18,13500.0,146400000000.0
038390,2026-06-18,9880.0,165200000000.0
038460,2026-06-18,2735.0,69100000000.0
038500,2026-06-18,10100.0,1090000000000.0
038530,2026-06-18,921.0,21300000000.0
038540,2026-06-18,2140.0,118400000000.0
038620,2026-06-18,1969.0,29800000000.0
038680,2026-06-18,3125.0,62200000000.0
038870,2026-06-18,1916.0,26900000000.0
038880,2026-06-18,670.0,25200000000.0
038950,2026-06-18,2920.0,29800000000.0
039010,2026-06-18,8980.0,77500000000.0
039020,2026-06-18,3010.0,68000000000.0
039030,2026-06-18,508000.0,6258300000000.0
039130,2026-06-18,36050.0,558400000000.0
039200,2026-06-18,39650.0,1516900000000.0
039290,2026-06-18,3635.0,31600000000.0
039340,2026-06-18,4700.0,103400000000.0
039420,2026-06-18,2640.0,60600000000.0
039440,2026-06-18,30350.0,470600000000.0
039560,2026-06-18,3205.0,137500000000.0
039570,2026-06-18,7830.0,203200000000.0
039610,2026-06-18,6730.0,70100000000.0
039740,2026-06-18,3655.0,29300000000.0
039830,2026-06-18,18150.0,195300000000.0
039840,2026-06-18,13580.0,182200000000.0
039860,2026-06-18,4220.0,160800000000.0
040160,2026-06-18,8790.0,106000000000.0
040350,2026-06-18,8410.0,164200000000.0
040420,2026-06-18,5710.0,89500000000.0
040610,2026-06-18,3195.0,54500000000.0
040910,2026-06-18,4600.0,83600000000.0
041020,2026-06-18,3200.0,159000000000.0
041440,2026-06-18,7800.0,139200000000.0
041460,2026-06-18,3420.0,65000000000.0
041510,2026-06-18,79300.0,1815500000000.0
041520,2026-06-18,9040.0,110200000000.0
041590,2026-06-18,2370.0,116100000000.0
041650,2026-06-18,2280.0,49000000000.0
041830,2026-06-18,46400.0,625500000000.0
041920,2026-06-18,14170.0,263500000000.0
041930,2026-06-18,5330.0,81000000000.0
041960,2026-06-18,8650.0,639100000000.0
042000,2026-06-18,19560.0,472900000000.0
042040,2026-06-18,749.0,18500000000.0
042110,2026-06-18,1230.0,59400000000.0
042370,2026-06-18,11210.0,293700000000.0
042420,2026-06-18,22050.0,179500000000.0
042500,2026-06-18,4190.0,93400000000.0
042510,2026-06-18,8430.0,93600000000.0
042520,2026-06-18,24300.0,346600000000.0
042600,2026-06-18,12570.0,156200000000.0
042660,2026-06-18,125100.0,38332300000000.0
042700,2026-06-18,315500.0,30071000000000.0
042940,2026-06-18,7620.0,52000000000.0
043090,2026-06-18,1140.0,4700000000.0
043100,2026-06-18,520.0,10500000000.0
043150,2026-06-18,19300.0,286700000000.0
043200,2026-06-18,708.0,29600000000.0
043220,2026-06-18,1710.0,27200000000.0
043260,2026-06-18,40000.0,2836900000000.0
043370,2026-06-18,12490.0,262300000000.0
043590,2026-06-18,1047.0,14200000000.0
043610,2026-06-18,1525.0,88600000000.0
043650,2026-06-18,3395.0,60600000000.0
043710,2026-06-18,3950.0,68400000000.0
043910,2026-06-18,3275.0,37100000000.0
044180,2026-06-18,205.0,5500000000.0
044340,2026-06-18,3975.0,71000000000.0
044380,2026-06-18,1411.0,18200000000.0
044450,2026-06-18,9770.0,225500000000.0
044480,2026-06-18,940.0,31300000000.0
044780,2026-06-18,1290.0,23900000000.0
044820,2026-06-18,17730.0,170300000000.0
044990,2026-06-18,14220.0,109300000000.0
045060,2026-06-18,2075.0,35200000000.0
045100,2026-06-18,31200.0,546000000000.0
045300,2026-06-18,2820.0,29700000000.0
045390,2026-06-18,3310.0,233300000000.0
045510,2026-06-18,804.0,25900000000.0
045520,2026-06-18,3080.0,20000000000.0
045660,2026-06-18,8460.0,69900000000.0
045970,2026-06-18,3645.0,95900000000.0
046070,2026-06-18,10280.0,159200000000.0
046120,2026-06-18,6920.0,234300000000.0
046210,2026-06-18,1548.0,70500000000.0
046310,2026-06-18,2100.0,34500000000.0
046390,2026-06-18,1950.0,33700000000.0
046440,2026-06-18,4160.0,158100000000.0
046890,2026-06-18,12780.0,745100000000.0
046940,2026-06-18,3400.0,61500000000.0
046970,2026-06-18,8150.0,357200000000.0
047040,2026-06-18,22950.0,9430300000000.0
047050,2026-06-18,56300.0,9904500000000.0
047080,2026-06-18,1334.0,33100000000.0
047310,2026-06-18,3865.0,141500000000.0
047400,2026-06-18,1091.0,45800000000.0
047560,2026-06-18,8700.0,102300000000.0
047770,2026-06-18,3700.0,140000000000.0
047810,2026-06-18,152000.0,14816200000000.0
047820,2026-06-18,4035.0,98700000000.0
047920,2026-06-18,12930.0,424100000000.0
048410,2026-06-18,9200.0,887900000000.0
048430,2026-06-18,6190.0,71300000000.0
048530,2026-06-18,2780.0,85900000000.0
048550,2026-06-18,1290.0,124800000000.0
048770,2026-06-18,4190.0,65800000000.0
048830,2026-06-18,831.0,15600000000.0
048870,2026-06-18,1804.0,158900000000.0
048910,2026-06-18,5040.0,63400000000.0
049070,2026-06-18,20300.0,349200000000.0
049080,2026-06-18,993.0,84300000000.0
049120,2026-06-18,2515.0,26700000000.0
049180,2026-06-18,1009.0,84000000000.0
049430,2026-06-18,19320.0,174800000000.0
049480,2026-06-18,2120.0,66600000000.0
049520,2026-06-18,3755.0,115800000000.0
049550,2026-06-18,3090.0,60600000000.0
049630,2026-06-18,8970.0,209700000000.0
049720,2026-06-18,9900.0,141600000000.0
049800,2026-06-18,1902.0,38000000000.0
049950,2026-06-18,11320.0,99800000000.0
049960,2026-06-18,15930.0,149700000000.0
050110,2026-06-18,1178.0,34400000000.0
050120,2026-06-18,2985.0,40500000000.0
050760,2026-06-18,1116.0,18200000000.0
050890,2026-06-18,12370.0,751600000000.0
051160,2026-06-18,7170.0,111000000000.0
051360,2026-06-18,17010.0,253800000000.0
051370,2026-06-18,9240.0,215500000000.0
051390,2026-06-18,4440.0,50400000000.0
051490,2026-06-18,2805.0,39800000000.0
051500,2026-06-18,23950.0,284300000000.0
051600,2026-06-18,51000.0,2295000000000.0
051780,2026-06-18,3435.0,21800000000.0
051900,2026-06-18,237000.0,3549200000000.0
051910,2026-06-18,342500.0,24177900000000.0
051980,2026-06-18,1285.0,142800000000.0
052020,2026-06-18,10890.0,740300000000.0
052220,2026-06-18,2200.0,50600000000.0
052260,2026-06-18,3635.0,109100000000.0
052300,2026-06-18,1485.0,24100000000.0
052330,2026-06-18,11670.0,207300000000.0
052400,2026-06-18,46550.0,677900000000.0
052420,2026-06-18,8250.0,80400000000.0
052460,2026-06-18,3335.0,48700000000.0
052690,2026-06-18,136700.0,5224700000000.0
052710,2026-06-18,31900.0,466100000000.0
052790,2026-06-18,4680.0,51100000000.0
052860,2026-06-18,4965.0,88700000000.0
052900,2026-06-18,1426.0,104200000000.0
053030,2026-06-18,7930.0,259200000000.0
053060,2026-06-18,1387.0,24500000000.0
053080,2026-06-18,10940.0,142200000000.0
053160,2026-06-18,9460.0,56800000000.0
053210,2026-06-18,4465.0,212200000000.0
053260,2026-06-18,5290.0,99000000000.0
053270,2026-06-18,1941.0,53200000000.0
053280,2026-06-18,3270.0,81800000000.0
053300,2026-06-18,5040.0,204600000000.0
053350,2026-06-18,2580.0,56800000000.0
053450,2026-06-18,4165.0,61600000000.0
053610,2026-06-18,88900.0,800100000000.0
053620,2026-06-18,6740.0,58000000000.0
053690,2026-06-18,19990.0,219000000000.0
053700,2026-06-18,4180.0,111300000000.0
053800,2026-06-18,57400.0,638700000000.0
053980,2026-06-18,2720.0,51600000000.0
054040,2026-06-18,5000.0,80400000000.0
054050,2026-06-18,7140.0,114500000000.0
054090,2026-06-18,909.0,22700000000.0
054180,2026-06-18,2295.0,12700000000.0
054210,2026-06-18,8530.0,215700000000.0
054220,2026-06-18,1540.0,19400000000.0
054450,2026-06-18,12840.0,194500000000.0
054540,2026-06-18,9120.0,118600000000.0
054620,2026-06-18,4590.0,84400000000.0
054800,2026-06-18,14160.0,146500000000.0
054920,2026-06-18,3925.0,110800000000.0
054940,2026-06-18,650.0,21600000000.0
054950,2026-06-18,21950.0,265400000000.0
055490,2026-06-18,17000.0,81400000000.0
056090,2026-06-18,1245.0,128600000000.0
056190,2026-06-18,26750.0,960600000000.0
056360,2026-06-18,6770.0,66300000000.0
056700,2026-06-18,1536.0,44800000000.0
057030,2026-06-18,2210.0,36100000000.0
057050,2026-06-18,83700.0,1004400000000.0
057540,2026-06-18,894.0,53100000000.0
057680,2026-06-18,2055.0,29300000000.0
058110,2026-06-18,2085.0,33500000000.0
058400,2026-06-18,601.0,79600000000.0
058430,2026-06-18,5950.0,357000000000.0
058450,2026-06-18,4440.0,22300000000.0
058610,2026-06-18,92200.0,2044800000000.0
058630,2026-06-18,4320.0,83000000000.0
058650,2026-06-18,126100.0,534900000000.0
058820,2026-06-18,1070.0,158200000000.0
058850,2026-06-18,2375.0,98300000000.0
058970,2026-06-18,19900.0,246000000000.0
059090,2026-06-18,21150.0,706800000000.0
059210,2026-06-18,3885.0,105600000000.0
060150,2026-06-18,3375.0,153800000000.0
060230,2026-06-18,299.0,16800000000.0
060240,2026-06-18,1976.0,11500000000.0
060250,2026-06-18,14630.0,587500000000.0
060280,2026-06-18,10300.0,425000000000.0
060310,2026-06-18,1299.0,68900000000.0
060370,2026-06-18,29700.0,1551500000000.0
060380,2026-06-18,1271.0,25000000000.0
060540,2026-06-18,1240.0,32400000000.0
060560,2026-06-18,2055.0,52200000000.0
060570,2026-06-18,926.0,68600000000.0
060590,2026-06-18,3150.0,76200000000.0
060720,2026-06-18,11740.0,278000000000.0
060850,2026-06-18,5610.0,45600000000.0
060900,2026-06-18,4930.0,19700000000.0
061040,2026-06-18,7150.0,64700000000.0
061090,2026-06-18,37600.0,210200000000.0
061970,2026-06-18,5300.0,307800000000.0
062040,2026-06-18,241500.0,7393700000000.0
063080,2026-06-18,14140.0,93300000000.0
063170,2026-06-18,4865.0,86500000000.0
063440,2026-06-18,1159.0,52500000000.0
063570,2026-06-18,3410.0,116400000000.0
063760,2026-06-18,2750.0,25600000000.0
064090,2026-06-18,798.0,39700000000.0
064240,2026-06-18,1819.0,63100000000.0
064260,2026-06-18,5150.0,389600000000.0
064290,2026-06-18,48100.0,618800000000.0
064350,2026-06-18,211500.0,23083600000000.0
064400,2026-06-18,90000.0,8719700000000.0
064520,2026-06-18,1584.0,35400000000.0
064550,2026-06-18,7660.0,197700000000.0
064800,2026-06-18,2515.0,64300000000.0
064820,2026-06-18,10630.0,328000000000.0
064850,2026-06-18,26500.0,302400000000.0
064960,2026-06-18,29850.0,792200000000.0
065060,2026-06-18,3270.0,19600000000.0
065130,2026-06-18,3190.0,51100000000.0
065150,2026-06-18,1450.0,23100000000.0
065170,2026-06-18,2320.0,64800000000.0
065350,2026-06-18,40350.0,1109000000000.0
065370,2026-06-18,3670.0,27100000000.0
065440,2026-06-18,1880.0,51300000000.0
065450,2026-06-18,3365.0,99300000000.0
065500,2026-06-18,1403.0,46600000000.0
065510,2026-06-18,7200.0,78300000000.0
065530,2026-06-18,1342.0,64200000000.0
065650,2026-06-18,2250.0,24600000000.0
065680,2026-06-18,35900.0,331700000000.0
065690,2026-06-18,1136.0,16000000000.0
065710,2026-06-18,46600.0,240000000000.0
065770,2026-06-18,1589.0,15400000000.0
065950,2026-06-18,1099.0,31000000000.0
066310,2026-06-18,9580.0,88800000000.0
066360,2026-06-18,746.0,35800000000.0
066410,2026-06-18,1153.0,159600000000.0
066570,2026-06-18,228500.0,37219100000000.0
066590,2026-06-18,2200.0,85100000000.0
066620,2026-06-18,24300.0,182300000000.0
066670,2026-06-18,2755.0,51500000000.0
066700,2026-06-18,2315.0,86000000000.0
066790,2026-06-18,1493.0,97300000000.0
066900,2026-06-18,1798.0,40900000000.0
066910,2026-06-18,2690.0,36000000000.0
066980,2026-06-18,2050.0,106500000000.0
067000,2026-06-18,1124.0,78600000000.0
067080,2026-06-18,10450.0,194500000000.0
067160,2026-06-18,47850.0,550000000000.0
067170,2026-06-18,2420.0,63900000000.0
067280,2026-06-18,24450.0,144900000000.0
067290,2026-06-18,2065.0,115700000000.0
067310,2026-06-18,51600.0,3429600000000.0
067390,2026-06-18,569.0,236200000000.0
067570,2026-06-18,1819.0,76700000000.0
067630,2026-06-18,3360.0,409600000000.0
067770,2026-06-18,1733.0,14600000000.0
067900,2026-06-18,6360.0,115700000000.0
067920,2026-06-18,5190.0,57100000000.0
067990,2026-06-18,4185.0,122100000000.0
068050,2026-06-18,1141.0,31600000000.0
068100,2026-06-18,2200.0,26200000000.0
068240,2026-06-18,2530.0,96600000000.0
068270,2026-06-18,173600.0,38475600000000.0
068790,2026-06-18,5020.0,113300000000.0
068930,2026-06-18,7610.0,210600000000.0
068940,2026-06-18,778.0,35700000000.0
069080,2026-06-18,11370.0,352100000000.0
069140,2026-06-18,1610.0,24300000000.0
069260,2026-06-18,16840.0,688400000000.0
069330,2026-06-18,1145.0,19400000000.0
069410,2026-06-18,3810.0,39000000000.0
069460,2026-06-18,2660.0,46300000000.0
069510,2026-06-18,12020.0,131100000000.0
069540,2026-06-18,3290.0,357500000000.0
069620,2026-06-18,121100.0,1403100000000.0
069640,2026-06-18,1065.0,23900000000.0
069730,2026-06-18,5230.0,75300000000.0
069960,2026-06-18,204000.0,4399200000000.0
070300,2026-06-18,1325.0,47100000000.0
070590,2026-06-18,1627.0,22600000000.0
070960,2026-06-18,2525.0,121500000000.0
071090,2026-06-18,3460.0,69900000000.0
071200,2026-06-18,7280.0,177600000000.0
071280,2026-06-18,7220.0,110400000000.0
071320,2026-06-18,69700.0,807000000000.0
071670,2026-06-18,6030.0,60300000000.0
071850,2026-06-18,1502.0,36400000000.0
071950,2026-06-18,1711.0,21300000000.0
071970,2026-06-18,68800.0,2333800000000.0
072130,2026-06-18,4905.0,62300000000.0
072470,2026-06-18,2790.0,52700000000.0
072710,2026-06-18,91800.0,425700000000.0
072770,2026-06-18,923.0,38300000000.0
072870,2026-06-18,13180.0,157100000000.0
072950,2026-06-18,10010.0,80600000000.0
072990,2026-06-18,3700.0,53600000000.0
073010,2026-06-18,3670.0,147500000000.0
073110,2026-06-18,6090.0,54200000000.0
073240,2026-06-18,4780.0,1373100000000.0
073490,2026-06-18,33050.0,251300000000.0
073540,2026-06-18,2540.0,29000000000.0
073560,2026-06-18,1583.0,109600000000.0
073640,2026-06-18,654.0,69600000000.0
074430,2026-06-18,1209.0,106200000000.0
074600,2026-06-18,37850.0,995000000000.0
074610,2026-06-18,5110.0,44800000000.0
075130,2026-06-18,1968.0,32700000000.0
075180,2026-06-18,2895.0,55600000000.0
075580,2026-06-18,15350.0,872600000000.0
075970,2026-06-18,1818.0,33500000000.0
076080,2026-06-18,819.0,18500000000.0
076610,2026-06-18,1205.0,67900000000.0
077360,2026-06-18,13650.0,620200000000.0
077500,2026-06-18,7710.0,166500000000.0
077970,2026-06-18,34400.0,1381100000000.0
078000,2026-06-18,14040.0,129700000000.0
078070,2026-06-18,9530.0,162600000000.0
078130,2026-06-18,3950.0,445300000000.0
078140,2026-06-18,8500.0,94200000000.0
078150,2026-06-18,2745.0,254500000000.0
078160,2026-06-18,10150.0,397900000000.0
078340,2026-06-18,25350.0,306500000000.0
078350,2026-06-18,24400.0,372000000000.0
078520,2026-06-18,10390.0,270300000000.0
078600,2026-06-18,116800.0,1831800000000.0
078860,2026-06-18,3090.0,18300000000.0
078890,2026-06-18,6030.0,111100000000.0
078930,2026-06-18,71300.0,6623400000000.0
079160,2026-06-18,4585.0,759200000000.0
079190,2026-06-18,660.0,12700000000.0
079370,2026-06-18,11380.0,353000000000.0
079430,2026-06-18,6260.0,125900000000.0
079550,2026-06-18,884000.0,19448000000000.0
079650,2026-06-18,4815.0,96300000000.0
079810,2026-06-18,3670.0,79000000000.0
079900,2026-06-18,54000.0,788000000000.0
079940,2026-06-18,31500.0,422800000000.0
079950,2026-06-18,1024.0,14100000000.0
079960,2026-06-18,22100.0,173700000000.0
079970,2026-06-18,596.0,7600000000.0
079980,2026-06-18,1988.0,68600000000.0
080010,2026-06-18,6750.0,66400000000.0
080160,2026-06-18,9250.0,174800000000.0
080220,2026-06-18,117700.0,4053900000000.0
080420,2026-06-18,1591.0,126800000000.0
080470,2026-06-18,3090.0,22600000000.0
080520,2026-06-18,3260.0,36900000000.0
080530,2026-06-18,2370.0,26300000000.0
080580,2026-06-18,18000.0,379600000000.0
080720,2026-06-18,2725.0,21600000000.0
081000,2026-06-18,10400.0,147700000000.0
081580,2026-06-18,2480.0,38500000000.0
081660,2026-06-18,39900.0,2118400000000.0
082210,2026-06-18,1367.0,47800000000.0
082270,2026-06-18,13900.0,615300000000.0
082740,2026-06-18,59300.0,4948400000000.0
082800,2026-06-18,3250.0,197300000000.0
082850,2026-06-18,1303.0,63100000000.0
082920,2026-06-18,43550.0,1974500000000.0
083310,2026-06-18,11180.0,199100000000.0
083450,2026-06-18,57500.0,1059700000000.0
083470,2026-06-18,975.0,20800000000.0
083500,2026-06-18,19240.0,159800000000.0
083550,2026-06-18,2705.0,36700000000.0
083650,2026-06-18,65000.0,2011400000000.0
083660,2026-06-18,308.0,19400000000.0
083790,2026-06-18,1024.0,78700000000.0
083930,2026-06-18,13000.0,190800000000.0
084010,2026-06-18,8790.0,302100000000.0
084110,2026-06-18,26500.0,335500000000.0
084180,2026-06-18,634.0,11500000000.0
084370,2026-06-18,176700.0,4049300000000.0
084440,2026-06-18,980.0,18700000000.0
084650,2026-06-18,922.0,68400000000.0
084670,2026-06-18,34100.0,98700000000.0
084690,2026-06-18,8150.0,295100000000.0
084730,2026-06-18,6990.0,77700000000.0
084850,2026-06-18,10300.0,233600000000.0
084870,2026-06-18,1858.0,38000000000.0
084990,2026-06-18,4870.0,224500000000.0
085310,2026-06-18,10010.0,74300000000.0
085660,2026-06-18,12080.0,1123100000000.0
085670,2026-06-18,3925.0,96200000000.0
085810,2026-06-18,1440.0,18900000000.0
085910,2026-06-18,27200.0,375200000000.0
086040,2026-06-18,2445.0,39000000000.0
086060,2026-06-18,4295.0,37000000000.0
086280,2026-06-18,212000.0,15900000000000.0
086390,2026-06-18,14420.0,304800000000.0
086450,2026-06-18,18810.0,850800000000.0
086520,2026-06-18,117500.0,15953700000000.0
086670,2026-06-18,17760.0,176300000000.0
086710,2026-06-18,7740.0,94500000000.0
086820,2026-06-18,6770.0,175500000000.0
086900,2026-06-18,87400.0,637900000000.0
086960,2026-06-18,2485.0,104700000000.0
086980,2026-06-18,2415.0,151300000000.0
087260,2026-06-18,409.0,13300000000.0
088130,2026-06-18,6410.0,112100000000.0
088260,2026-06-18,3515.0,222600000000.0
088290,2026-06-18,2380.0,19000000000.0
088340,2026-06-18,8190.0,35700000000.0
088390,2026-06-18,8430.0,79100000000.0
088800,2026-06-18,2550.0,192500000000.0
088910,2026-06-18,2330.0,60200000000.0
089010,2026-06-18,28900.0,484700000000.0
089030,2026-06-18,60500.0,2241700000000.0
089140,2026-06-18,2235.0,34200000000.0
089230,2026-06-18,2560.0,95800000000.0
089470,2026-06-18,3915.0,124900000000.0
089590,2026-06-18,4890.0,394300000000.0
089600,2026-06-18,10140.0,117300000000.0
089790,2026-06-18,4630.0,47800000000.0
089850,2026-06-18,4310.0,63500000000.0
089860,2026-06-18,30050.0,1091100000000.0
089890,2026-06-18,34950.0,579600000000.0
089970,2026-06-18,93500.0,2316200000000.0
089980,2026-06-18,18710.0,299200000000.0
090080,2026-06-18,870.0,47800000000.0
090150,2026-06-18,565.0,23700000000.0
090350,2026-06-18,7800.0,156000000000.0
090360,2026-06-18,103700.0,1011100000000.0
090370,2026-06-18,1157.0,28800000000.0
090410,2026-06-18,935.0,43100000000.0
090430,2026-06-18,106300.0,6217800000000.0
090460,2026-06-18,26650.0,898400000000.0
090470,2026-06-18,5460.0,95400000000.0
090710,2026-06-18,10470.0,1251800000000.0
090850,2026-06-18,5150.0,115800000000.0
091120,2026-06-18,4325.0,74100000000.0
091340,2026-06-18,2420.0,28300000000.0
091440,2026-06-18,2205.0,73600000000.0
091580,2026-06-18,17860.0,238000000000.0
091590,2026-06-18,4595.0,53900000000.0
091700,2026-06-18,6400.0,320000000000.0
091810,2026-06-18,861.0,355600000000.0
091970,2026-06-18,3110.0,23400000000.0
092040,2026-06-18,1311.0,92600000000.0
092130,2026-06-18,14080.0,169600000000.0
092190,2026-06-18,9050.0,415100000000.0
092200,2026-06-18,6930.0,269500000000.0
092230,2026-06-18,82800.0,349800000000.0
092300,2026-06-18,3425.0,69000000000.0
092440,2026-06-18,1988.0,58000000000.0
092460,2026-06-18,18550.0,317400000000.0
092600,2026-06-18,2990.0,15000000000.0
092730,2026-06-18,17530.0,281000000000.0
092780,2026-06-18,4105.0,54100000000.0
092790,2026-06-18,17290.0,449600000000.0
092870,2026-06-18,25850.0,337400000000.0
093050,2026-06-18,22500.0,657900000000.0
093190,2026-06-18,8670.0,166800000000.0
093240,2026-06-18,670.0,41100000000.0
093320,2026-06-18,114700.0,559700000000.0
093370,2026-06-18,18840.0,2020700000000.0
093380,2026-06-18,2495.0,24600000000.0
093520,2026-06-18,19510.0,232200000000.0
093640,2026-06-18,3100.0,101300000000.0
093920,2026-06-18,4860.0,90400000000.0
094280,2026-06-18,12170.0,140700000000.0
094360,2026-06-18,14390.0,307300000000.0
094480,2026-06-18,5890.0,231100000000.0
094820,2026-06-18,14920.0,225000000000.0
094840,2026-06-18,10910.0,107000000000.0
094860,2026-06-18,1410.0,74900000000.0
094940,2026-06-18,7070.0,59100000000.0
094970,2026-06-18,2890.0,48400000000.0
095270,2026-06-18,3980.0,57200000000.0
095340,2026-06-18,193000.0,4091000000000.0
095500,2026-06-18,7210.0,223600000000.0
095570,2026-06-18,4285.0,193900000000.0
095610,2026-06-18,176100.0,3409300000000.0
095660,2026-06-18,18790.0,406500000000.0
095720,2026-06-18,1300.0,73900000000.0
095910,2026-06-18,1207.0,45000000000.0
096240,2026-06-18,9530.0,102300000000.0
096250,2026-06-18,7470.0,97900000000.0
096350,2026-06-18,1986.0,73200000000.0
096530,2026-06-18,28800.0,1504100000000.0
096610,2026-06-18,2965.0,51600000000.0
096630,2026-06-18,2290.0,36400000000.0
096690,2026-06-18,5960.0,24000000000.0
096760,2026-06-18,3885.0,287200000000.0
096770,2026-06-18,103500.0,17497000000000.0
097520,2026-06-18,21750.0,378500000000.0
097780,2026-06-18,1309.0,26600000000.0
097870,2026-06-18,5110.0,43400000000.0
097950,2026-06-18,192900.0,2904000000000.0
098070,2026-06-18,32500.0,361400000000.0
098120,2026-06-18,28500.0,236900000000.0
098460,2026-06-18,34650.0,2378900000000.0
098660,2026-06-18,1689.0,21100000000.0
099190,2026-06-18,16160.0,464700000000.0
099220,2026-06-18,1001.0,65000000000.0
099320,2026-06-18,111500.0,1221100000000.0
099390,2026-06-18,3875.0,31800000000.0
099430,2026-06-18,4435.0,273400000000.0
099440,2026-06-18,3205.0,218700000000.0
099520,2026-06-18,1284.0,58100000000.0
099750,2026-06-18,6940.0,94800000000.0
100030,2026-06-18,18830.0,61800000000.0
100090,2026-06-18,17290.0,1080200000000.0
100120,2026-06-18,25550.0,229200000000.0
100130,2026-06-18,1710.0,97700000000.0
100220,2026-06-18,5160.0,67100000000.0
100250,2026-06-18,2975.0,190100000000.0
100590,2026-06-18,4850.0,83100000000.0
100660,2026-06-18,3415.0,43000000000.0
100700,2026-06-18,2300.0,100700000000.0
100840,2026-06-18,35600.0,736200000000.0
101000,2026-06-18,623.0,24700000000.0
101160,2026-06-18,27850.0,459800000000.0
101170,2026-06-18,9350.0,126200000000.0
101330,2026-06-18,3790.0,87700000000.0
101360,2026-06-18,10400.0,185000000000.0
101390,2026-06-18,396.0,6700000000.0
101400,2026-06-18,1869.0,21900000000.0
101490,2026-06-18,64300.0,1371800000000.0
101530,2026-06-18,5740.0,167100000000.0
101670,2026-06-18,1326.0,75300000000.0
101730,2026-06-18,3405.0,285400000000.0
101930,2026-06-18,8820.0,407200000000.0
102120,2026-06-18,10240.0,182100000000.0
102260,2026-06-18,3810.0,193100000000.0
102370,2026-06-18,2875.0,78300000000.0
102460,2026-06-18,9880.0,183600000000.0
102710,2026-06-18,53300.0,761500000000.0
102940,2026-06-18,49000.0,641400000000.0
103140,2026-06-18,73000.0,2045800000000.0
103590,2026-06-18,88000.0,4196300000000.0
104040,2026-06-18,1808.0,48500000000.0
104460,2026-06-18,10180.0,107100000000.0
104540,2026-06-18,4080.0,52200000000.0
104620,2026-06-18,3950.0,66400000000.0
104830,2026-06-18,49500.0,624100000000.0
105330,2026-06-18,9170.0,146900000000.0
105550,2026-06-18,501.0,39200000000.0
105630,2026-06-18,8650.0,346000000000.0
105740,2026-06-18,7150.0,72700000000.0
105760,2026-06-18,4100.0,41800000000.0
105840,2026-06-18,19050.0,384800000000.0
106080,2026-06-18,1650.0,9500000000.0
106240,2026-06-18,1220.0,29100000000.0
106520,2026-06-18,411.0,15900000000.0
107590,2026-06-18,56000.0,129900000000.0
107640,2026-06-18,42950.0,389300000000.0
108230,2026-06-18,3400.0,129300000000.0
108320,2026-06-18,48600.0,790400000000.0
108380,2026-06-18,19570.0,187200000000.0
108490,2026-06-18,300500.0,4404400000000.0
108670,2026-06-18,32800.0,294100000000.0
108860,2026-06-18,9430.0,253800000000.0
109070,2026-06-18,1561.0,82400000000.0
109610,2026-06-18,2200.0,107600000000.0
109670,2026-06-18,3325.0,19400000000.0
109740,2026-06-18,6950.0,178700000000.0
109860,2026-06-18,7310.0,66500000000.0
109960,2026-06-18,1839.0,27800000000.0
110790,2026-06-18,3170.0,74300000000.0
110990,2026-06-18,24450.0,462100000000.0
111110,2026-06-18,6490.0,58800000000.0
111380,2026-06-18,12700.0,77800000000.0
111770,2026-06-18,77900.0,3451900000000.0
112040,2026-06-18,17430.0,591700000000.0
112610,2026-06-18,44600.0,1880800000000.0
113810,2026-06-18,540.0,17600000000.0
114090,2026-06-18,11190.0,692200000000.0
114190,2026-06-18,10950.0,286000000000.0
114630,2026-06-18,1723.0,29700000000.0
114810,2026-06-18,14600.0,410900000000.0
114840,2026-06-18,8900.0,154100000000.0
115160,2026-06-18,6270.0,27000000000.0
115180,2026-06-18,24500.0,918500000000.0
115310,2026-06-18,8020.0,128000000000.0
115440,2026-06-18,10410.0,112400000000.0
115450,2026-06-18,2555.0,226300000000.0
115480,2026-06-18,1954.0,23700000000.0
115530,2026-06-18,1905.0,15000000000.0
115570,2026-06-18,2735.0,21800000000.0
117730,2026-06-18,16160.0,364500000000.0
118000,2026-06-18,1458.0,25000000000.0
118990,2026-06-18,6840.0,167800000000.0
119610,2026-06-18,17470.0,199400000000.0
119650,2026-06-18,918.0,100800000000.0
119830,2026-06-18,6050.0,160600000000.0
119850,2026-06-18,23050.0,379100000000.0
120110,2026-06-18,66300.0,1985400000000.0
121440,2026-06-18,4730.0,202600000000.0
121600,2026-06-18,57600.0,705800000000.0
121800,2026-06-18,3320.0,256300000000.0
121850,2026-06-18,1785.0,9000000000.0
122310,2026-06-18,3470.0,50500000000.0
122350,2026-06-18,991.0,38000000000.0
122450,2026-06-18,2830.0,126800000000.0
122640,2026-06-18,39850.0,860200000000.0
122690,2026-06-18,1762.0,40700000000.0
122870,2026-06-18,46600.0,871000000000.0
122900,2026-06-18,7570.0,253100000000.0
122990,2026-06-18,7800.0,207800000000.0
123010,2026-06-18,2140.0,73200000000.0
123040,2026-06-18,1913.0,119800000000.0
123330,2026-06-18,20150.0,160600000000.0
123410,2026-06-18,5970.0,166200000000.0
123420,2026-06-18,6240.0,64900000000.0
123570,2026-06-18,1853.0,41300000000.0
123690,2026-06-18,6760.0,108600000000.0
123700,2026-06-18,3345.0,52200000000.0
123750,2026-06-18,1720.0,23800000000.0
123840,2026-06-18,3240.0,20600000000.0
124500,2026-06-18,33150.0,769200000000.0
124560,2026-06-18,2000.0,77400000000.0
125210,2026-06-18,8830.0,145700000000.0
125490,2026-06-18,11260.0,411000000000.0
126340,2026-06-18,115800.0,831500000000.0
126560,2026-06-18,3080.0,336300000000.0
126600,2026-06-18,3205.0,201200000000.0
126700,2026-06-18,12200.0,182300000000.0
126720,2026-06-18,23750.0,339300000000.0
126730,2026-06-18,25700.0,225400000000.0
126880,2026-06-18,3200.0,74300000000.0
127120,2026-06-18,35200.0,1218700000000.0
127710,2026-06-18,880.0,38800000000.0
127980,2026-06-18,3755.0,44500000000.0
128540,2026-06-18,1495.0,39900000000.0
128660,2026-06-18,2815.0,69800000000.0
128820,2026-06-18,4910.0,222100000000.0
128940,2026-06-18,425500.0,5451100000000.0
129260,2026-06-18,2155.0,64100000000.0
129890,2026-06-18,938.0,42700000000.0
129920,2026-06-18,6090.0,99000000000.0
130500,2026-06-18,2040.0,29700000000.0
130580,2026-06-18,5410.0,83300000000.0
130660,2026-06-18,13200.0,430300000000.0
130740,2026-06-18,2045.0,23100000000.0
131220,2026-06-18,3775.0,28100000000.0
131290,2026-06-18,249000.0,2754300000000.0
131370,2026-06-18,1659.0,88400000000.0
131400,2026-06-18,1409.0,84000000000.0
131760,2026-06-18,2215.0,19200000000.0
133820,2026-06-18,1139.0,42300000000.0
134580,2026-06-18,1275.0,62900000000.0
134790,2026-06-18,18860.0,37700000000.0
136410,2026-06-18,5670.0,62500000000.0
136480,2026-06-18,2800.0,297400000000.0
136490,2026-06-18,9360.0,222600000000.0
136540,2026-06-18,10590.0,130000000000.0
137080,2026-06-18,5230.0,57800000000.0
137310,2026-06-18,6960.0,840400000000.0
137400,2026-06-18,41100.0,973700000000.0
137940,2026-06-18,1754.0,15000000000.0
138070,2026-06-18,1365.0,23900000000.0
138080,2026-06-18,28750.0,355900000000.0
139480,2026-06-18,87500.0,2414600000000.0
139670,2026-06-18,1582.0,22300000000.0
139990,2026-06-18,2270.0,88000000000.0
140070,2026-06-18,1787.0,66100000000.0
140410,2026-06-18,63400.0,1926900000000.0
140520,2026-06-18,2040.0,43100000000.0
140670,2026-06-18,12300.0,157900000000.0
140860,2026-06-18,249000.0,1743600000000.0
141000,2026-06-18,8610.0,104300000000.0
141080,2026-06-18,134500.0,4979100000000.0
142210,2026-06-18,6710.0,139200000000.0
142280,2026-06-18,3435.0,82300000000.0
142760,2026-06-18,621.0,26200000000.0
143160,2026-06-18,14660.0,157100000000.0
143210,2026-06-18,1199.0,26200000000.0
143240,2026-06-18,16500.0,177100000000.0
143540,2026-06-18,1204.0,53700000000.0
144510,2026-06-18,16980.0,268300000000.0
144960,2026-06-18,8800.0,384500000000.0
145020,2026-06-18,251000.0,3088300000000.0
145170,2026-06-18,3680.0,62200000000.0
145210,2026-06-18,224.0,9500000000.0
145270,2026-06-18,770.0,37000000000.0
145720,2026-06-18,44550.0,384200000000.0
145990,2026-06-18,43000.0,443500000000.0
146060,2026-06-18,1358.0,32600000000.0
146320,2026-06-18,12520.0,160200000000.0
148150,2026-06-18,3465.0,123200000000.0
148250,2026-06-18,2650.0,36100000000.0
148780,2026-06-18,619.0,19500000000.0
148930,2026-06-18,3100.0,31500000000.0
149980,2026-06-18,5320.0,112800000000.0
150900,2026-06-18,3550.0,41500000000.0
151860,2026-06-18,5540.0,263700000000.0
153490,2026-06-18,696.0,35800000000.0
154030,2026-06-18,1694.0,20400000000.0
155650,2026-06-18,3255.0,61800000000.0
155660,2026-06-18,4240.0,67800000000.0
156100,2026-06-18,5090.0,113800000000.0
158430,2026-06-18,5140.0,125800000000.0
159010,2026-06-18,22700.0,302700000000.0
159580,2026-06-18,2530.0,50700000000.0
159910,2026-06-18,3290.0,34400000000.0
160190,2026-06-18,26300.0,812400000000.0
160550,2026-06-18,1246.0,34800000000.0
160980,2026-06-18,39650.0,433100000000.0
161000,2026-06-18,11470.0,558000000000.0
161390,2026-06-18,65600.0,8126200000000.0
161580,2026-06-18,40500.0,949400000000.0
161890,2026-06-18,87800.0,2072500000000.0
162300,2026-06-18,1813.0,75200000000.0
163560,2026-06-18,6250.0,86900000000.0
163730,2026-06-18,14550.0,136900000000.0
166090,2026-06-18,69000.0,1364700000000.0
166480,2026-06-18,2610.0,138000000000.0
168330,2026-06-18,2115.0,67200000000.0
168360,2026-06-18,21650.0,474300000000.0
169330,2026-06-18,1700.0,31100000000.0
170030,2026-06-18,5190.0,79600000000.0
170790,2026-06-18,8510.0,54400000000.0
170900,2026-06-18,35650.0,346800000000.0
170920,2026-06-18,50700.0,535600000000.0
171010,2026-06-18,3080.0,44000000000.0
171090,2026-06-18,71700.0,724400000000.0
171120,2026-06-18,2040.0,73200000000.0
172670,2026-06-18,12870.0,115300000000.0
173130,2026-06-18,7490.0,97700000000.0
173940,2026-06-18,2885.0,44400000000.0
175140,2026-06-18,2300.0,57400000000.0
175250,2026-06-18,2170.0,81500000000.0
176750,2026-06-18,6610.0,188300000000.0
177350,2026-06-18,607.0,11900000000.0
177830,2026-06-18,2595.0,29400000000.0
178320,2026-06-18,69100.0,4398300000000.0
178780,2026-06-18,2315.0,43100000000.0
179290,2026-06-18,4720.0,152800000000.0
179530,2026-06-18,2215.0,43600000000.0
179900,2026-06-18,14400.0,285000000000.0
180400,2026-06-18,2410.0,237200000000.0
180640,2026-06-18,122500.0,8178400000000.0
181710,2026-06-18,40650.0,1331400000000.0
182360,2026-06-18,6840.0,106400000000.0
182400,2026-06-18,3670.0,265500000000.0
183190,2026-06-18,9940.0,362900000000.0
183300,2026-06-18,107100.0,2200400000000.0
183490,2026-06-18,990.0,83800000000.0
184230,2026-06-18,2045.0,38600000000.0
185490,2026-06-18,1406.0,60800000000.0
185750,2026-06-18,71100.0,981400000000.0
186230,2026-06-18,3465.0,37800000000.0
187220,2026-06-18,2740.0,31600000000.0
187270,2026-06-18,3285.0,33300000000.0
187420,2026-06-18,2330.0,75900000000.0
187790,2026-06-18,4310.0,132900000000.0
187870,2026-06-18,21450.0,295400000000.0
188040,2026-06-18,5230.0,24500000000.0
189300,2026-06-18,96000.0,1030800000000.0
189330,2026-06-18,8720.0,81800000000.0
189690,2026-06-18,1723.0,47100000000.0
189980,2026-06-18,1172.0,47000000000.0
190510,2026-06-18,15280.0,215200000000.0
191410,2026-06-18,1260.0,14100000000.0
191420,2026-06-18,7480.0,60700000000.0
192080,2026-06-18,66700.0,1412300000000.0
192250,2026-06-18,8130.0,57500000000.0
192390,2026-06-18,1814.0,20000000000.0
192400,2026-06-18,25500.0,906800000000.0
192410,2026-06-18,5010.0,126200000000.0
192440,2026-06-18,31550.0,196100000000.0
192650,2026-06-18,5600.0,386300000000.0
192820,2026-06-18,165600.0,1879500000000.0
193250,2026-06-18,1405.0,18800000000.0
194370,2026-06-18,11920.0,345900000000.0
194480,2026-06-18,16690.0,202400000000.0
194700,2026-06-18,13670.0,249500000000.0
195870,2026-06-18,79400.0,1349800000000.0
195990,2026-06-18,950.0,30900000000.0
196170,2026-06-18,369500.0,19800200000000.0
196450,2026-06-18,928.0,42100000000.0
196490,2026-06-18,6090.0,69100000000.0
196700,2026-06-18,1201.0,17300000000.0
198080,2026-06-18,2765.0,59500000000.0
198940,2026-06-18,2600.0,50600000000.0
199430,2026-06-18,14990.0,167000000000.0
199480,2026-06-18,3410.0,34800000000.0
199550,2026-06-18,3850.0,57200000000.0
199800,2026-06-18,45950.0,413400000000.0
199820,2026-06-18,9820.0,218200000000.0
200130,2026-06-18,9060.0,266500000000.0
200230,2026-06-18,360.0,25700000000.0
200350,2026-06-18,3095.0,30900000000.0
200710,2026-06-18,37100.0,499400000000.0
200780,2026-06-18,3420.0,36500000000.0
200880,2026-06-18,12380.0,334600000000.0
201490,2026-06-18,2280.0,74600000000.0
203400,2026-06-18,1172.0,105600000000.0
203450,2026-06-18,2730.0,38400000000.0
203650,2026-06-18,2745.0,279200000000.0
203690,2026-06-18,4425.0,89200000000.0
204020,2026-06-18,1906.0,37100000000.0
204270,2026-06-18,16160.0,934800000000.0
204320,2026-06-18,68800.0,3230600000000.0
204610,2026-06-18,2500.0,138800000000.0
204620,2026-06-18,5290.0,371800000000.0
204840,2026-06-18,908.0,70400000000.0
205100,2026-06-18,1518.0,107300000000.0
205470,2026-06-18,2780.0,68600000000.0
205500,2026-06-18,2690.0,172500000000.0
206400,2026-06-18,976.0,36600000000.0
206560,2026-06-18,1425.0,36200000000.0
206640,2026-06-18,10740.0,235300000000.0
207760,2026-06-18,586.0,48700000000.0
207940,2026-06-18,1430000.0,66196100000000.0
208140,2026-06-18,2250.0,73500000000.0
208350,2026-06-18,2885.0,23400000000.0
208370,2026-06-18,3250.0,83700000000.0
208640,2026-06-18,121.0,16800000000.0
208710,2026-06-18,2385.0,31400000000.0
208860,2026-06-18,942.0,32000000000.0
209640,2026-06-18,4815.0,137000000000.0
210540,2026-06-18,11770.0,130000000000.0
210980,2026-06-18,11660.0,217100000000.0
211050,2026-06-18,10150.0,500000000000.0
212710,2026-06-18,10400.0,100100000000.0
213420,2026-06-18,36950.0,917500000000.0
213500,2026-06-18,6830.0,162600000000.0
214150,2026-06-18,45950.0,2997600000000.0
214180,2026-06-18,15200.0,197500000000.0
214260,2026-06-18,8150.0,72700000000.0
214270,2026-06-18,1461.0,66100000000.0
214320,2026-06-18,19560.0,782400000000.0
214330,2026-06-18,2555.0,53400000000.0
214370,2026-06-18,69900.0,3754700000000.0
214420,2026-06-18,5390.0,129700000000.0
214450,2026-06-18,298000.0,3096100000000.0
214680,2026-06-18,1250.0,104300000000.0
215000,2026-06-18,41250.0,258900000000.0
215090,2026-06-18,1690.0,39100000000.0
215100,2026-06-18,5000.0,101700000000.0
215200,2026-06-18,38150.0,395400000000.0
215360,2026-06-18,6960.0,63600000000.0
215480,2026-06-18,2165.0,19400000000.0
215600,2026-06-18,2450.0,339500000000.0
215790,2026-06-18,1501.0,60500000000.0
216050,2026-06-18,5370.0,65500000000.0
216080,2026-06-18,4710.0,175600000000.0
217190,2026-06-18,5920.0,77900000000.0
217270,2026-06-18,2725.0,127400000000.0
217330,2026-06-18,4005.0,92600000000.0
217480,2026-06-18,499.0,54800000000.0
217500,2026-06-18,1785.0,56800000000.0
217590,2026-06-18,18030.0,434400000000.0
217730,2026-06-18,2515.0,236500000000.0
217820,2026-06-18,2220.0,105300000000.0
218150,2026-06-18,1966.0,40100000000.0
218410,2026-06-18,75000.0,1991500000000.0
219420,2026-06-18,4360.0,50000000000.0
219550,2026-06-18,1348.0,52100000000.0
220100,2026-06-18,11660.0,261500000000.0
220180,2026-06-18,1599.0,38300000000.0
221840,2026-06-18,2035.0,38100000000.0
221980,2026-06-18,9860.0,39800000000.0
222040,2026-06-18,6620.0,136600000000.0
222080,2026-06-18,10300.0,801100000000.0
222160,2026-06-18,8040.0,79600000000.0
222800,2026-06-18,127500.0,4776700000000.0
222980,2026-06-18,1950.0,21500000000.0
223250,2026-06-18,3730.0,91800000000.0
223310,2026-06-18,4520.0,23500000000.0
224060,2026-06-18,4185.0,21600000000.0
225190,2026-06-18,1218.0,85800000000.0
225220,2026-06-18,1463.0,28100000000.0
225530,2026-06-18,2170.0,78900000000.0
225570,2026-06-18,9350.0,615800000000.0
225590,2026-06-18,3920.0,20100000000.0
226320,2026-06-18,9820.0,215300000000.0
226330,2026-06-18,1822.0,44200000000.0
226340,2026-06-18,2370.0,19900000000.0
226400,2026-06-18,4385.0,90600000000.0
226590,2026-06-18,15080.0,161600000000.0
226950,2026-06-18,135000.0,2743500000000.0
227610,2026-06-18,1003.0,19400000000.0
227840,2026-06-18,11630.0,105800000000.0
227950,2026-06-18,1181.0,40800000000.0
228670,2026-06-18,5080.0,79500000000.0
228760,2026-06-18,12480.0,310200000000.0
228850,2026-06-18,6600.0,109500000000.0
229640,2026-06-18,65100.0,1993700000000.0
230240,2026-06-18,24600.0,327400000000.0
230360,2026-06-18,16000.0,496000000000.0
232140,2026-06-18,15110.0,1239700000000.0
232680,2026-06-18,12730.0,168100000000.0
232830,2026-06-18,2105.0,34800000000.0
234030,2026-06-18,4435.0,104700000000.0
234080,2026-06-18,11400.0,180500000000.0
234100,2026-06-18,2885.0,42100000000.0
234300,2026-06-18,3005.0,81800000000.0
234340,2026-06-18,22850.0,319200000000.0
234690,2026-06-18,8220.0,147700000000.0
235980,2026-06-18,3415.0,117000000000.0
236200,2026-06-18,44600.0,311100000000.0
236810,2026-06-18,1281.0,21700000000.0
237690,2026-06-18,127000.0,2650100000000.0
237820,2026-06-18,3320.0,42600000000.0
237880,2026-06-18,10320.0,186500000000.0
238090,2026-06-18,2600.0,79300000000.0
238120,2026-06-18,3375.0,48500000000.0
238200,2026-06-18,2510.0,20500000000.0
239340,2026-06-18,787.0,21200000000.0
239610,2026-06-18,5860.0,31600000000.0
240550,2026-06-18,5820.0,121800000000.0
240600,2026-06-18,2955.0,20500000000.0
240810,2026-06-18,163200.0,8010500000000.0
241520,2026-06-18,11000.0,292600000000.0
241560,2026-06-18,65900.0,6316900000000.0
241590,2026-06-18,3490.0,211500000000.0
241690,2026-06-18,2910.0,71200000000.0
241710,2026-06-18,69000.0,736900000000.0
241770,2026-06-18,47000.0,479100000000.0
241790,2026-06-18,6000.0,60000000000.0
241840,2026-06-18,2955.0,28200000000.0
242040,2026-06-18,6380.0,220800000000.0
243070,2026-06-18,27250.0,326400000000.0
243840,2026-06-18,5930.0,228700000000.0
244920,2026-06-18,10820.0,244600000000.0
245620,2026-06-18,741.0,167100000000.0
246710,2026-06-18,2150.0,102500000000.0
246960,2026-06-18,1784.0,60700000000.0
247540,2026-06-18,172300.0,16856200000000.0
248070,2026-06-18,18340.0,876900000000.0
248170,2026-06-18,22550.0,103000000000.0
249420,2026-06-18,19020.0,601800000000.0
250000,2026-06-18,6190.0,41800000000.0
250930,2026-06-18,395.0,13000000000.0
251270,2026-06-18,40350.0,3306100000000.0
251370,2026-06-18,14270.0,257000000000.0
251630,2026-06-18,4020.0,64100000000.0
251970,2026-06-18,36200.0,448900000000.0
253450,2026-06-18,24050.0,722900000000.0
253590,2026-06-18,13160.0,577300000000.0
253840,2026-06-18,4640.0,77700000000.0
254120,2026-06-18,890.0,27400000000.0
255220,2026-06-18,2175.0,238300000000.0
255440,2026-06-18,7750.0,101200000000.0
256630,2026-06-18,4490.0,52100000000.0
256840,2026-06-18,2840.0,194200000000.0
256940,2026-06-18,6210.0,124700000000.0
257720,2026-06-18,33800.0,2216500000000.0
258610,2026-06-18,1182.0,43100000000.0
258790,2026-06-18,4260.0,21300000000.0
258830,2026-06-18,412.0,31200000000.0
259630,2026-06-18,11710.0,143100000000.0
259960,2026-06-18,238000.0,10980600000000.0
260930,2026-06-18,2920.0,56500000000.0
261200,2026-06-18,2705.0,42800000000.0
262260,2026-06-18,5050.0,76100000000.0
262840,2026-06-18,3120.0,33000000000.0
263020,2026-06-18,3080.0,42600000000.0
263050,2026-06-18,959.0,35300000000.0
263600,2026-06-18,4180.0,66600000000.0
263690,2026-06-18,5360.0,60700000000.0
263700,2026-06-18,2015.0,39100000000.0
263720,2026-06-18,8680.0,107700000000.0
263750,2026-06-18,39000.0,2505700000000.0
263810,2026-06-18,2545.0,40500000000.0
263920,2026-06-18,3135.0,30800000000.0
264450,2026-06-18,11620.0,170400000000.0
264660,2026-06-18,14340.0,139400000000.0
264850,2026-06-18,5180.0,156900000000.0
265520,2026-06-18,24250.0,365000000000.0
265560,2026-06-18,7480.0,80000000000.0
267250,2026-06-18,238500.0,18839900000000.0
267260,2026-06-18,1087000.0,39183200000000.0
267270,2026-06-18,144800.0,6939100000000.0
267290,2026-06-18,19520.0,115100000000.0
267320,2026-06-18,2550.0,146400000000.0
267790,2026-06-18,3345.0,25700000000.0
267980,2026-06-18,33300.0,255200000000.0
268280,2026-06-18,101700.0,508500000000.0
269620,2026-06-18,889.0,132100000000.0
270520,2026-06-18,936.0,18400000000.0
270660,2026-06-18,13830.0,175500000000.0
270870,2026-06-18,4145.0,38100000000.0
271560,2026-06-18,134000.0,5297800000000.0
271830,2026-06-18,1554.0,45800000000.0
271940,2026-06-18,12290.0,446300000000.0
271980,2026-06-18,10730.0,157800000000.0
272110,2026-06-18,35800.0,287300000000.0
272210,2026-06-18,96100.0,18155200000000.0
272290,2026-06-18,29100.0,580200000000.0
272550,2026-06-18,8830.0,133100000000.0
273060,2026-06-18,1126.0,56800000000.0
274090,2026-06-18,16300.0,224500000000.0
275630,2026-06-18,3660.0,19200000000.0
276040,2026-06-18,327.0,7100000000.0
276730,2026-06-18,16920.0,38700000000.0
277070,2026-06-18,3530.0,48300000000.0
277410,2026-06-18,776.0,29800000000.0
277810,2026-06-18,615000.0,11930900000000.0
277880,2026-06-18,3970.0,78800000000.0
278470,2026-06-18,378000.0,14151600000000.0
278650,2026-06-18,3250.0,56700000000.0
280360,2026-06-18,101100.0,930600000000.0
281740,2026-06-18,16330.0,1073400000000.0
281820,2026-06-18,91100.0,1803700000000.0
282330,2026-06-18,117500.0,2030900000000.0
282720,2026-06-18,8180.0,99100000000.0
282880,2026-06-18,12000.0,140300000000.0
284620,2026-06-18,1087.0,36000000000.0
284740,2026-06-18,22200.0,498100000000.0
285130,2026-06-18,44400.0,768100000000.0
285490,2026-06-18,14240.0,150600000000.0
285800,2026-06-18,1014.0,17700000000.0
286750,2026-06-18,1490.0,47700000000.0
286940,2026-06-18,19600.0,296500000000.0
288330,2026-06-18,416.0,44100000000.0
288620,2026-06-18,6870.0,47900000000.0
288980,2026-06-18,984.0,35800000000.0
289220,2026-06-18,1681.0,37500000000.0
290090,2026-06-18,5260.0,39100000000.0
290120,2026-06-18,2685.0,42500000000.0
290270,2026-06-18,2820.0,27100000000.0
290520,2026-06-18,1800.0,28700000000.0
290550,2026-06-18,21250.0,425000000000.0
290650,2026-06-18,80200.0,2163000000000.0
290660,2026-06-18,939.0,80100000000.0
290670,2026-06-18,6620.0,52000000000.0
290720,2026-06-18,3100.0,109900000000.0
290740,2026-06-18,12110.0,121900000000.0
291230,2026-06-18,501.0,22100000000.0
293490,2026-06-18,8910.0,800000000000.0
293780,2026-06-18,4705.0,132200000000.0
293940,2026-06-18,5500.0,665200000000.0
294090,2026-06-18,1490.0,62300000000.0
294140,2026-06-18,2645.0,59300000000.0
294870,2026-06-18,20200.0,1331300000000.0
296640,2026-06-18,5880.0,30400000000.0
297090,2026-06-18,4610.0,125700000000.0
297570,2026-06-18,1130.0,39100000000.0
297890,2026-06-18,1909.0,139600000000.0
298000,2026-06-18,75600.0,286700000000.0
298020,2026-06-18,323000.0,1397800000000.0
298040,2026-06-18,3693000.0,34435600000000.0
298050,2026-06-18,196100.0,878500000000.0
298060,2026-06-18,2750.0,24300000000.0
298380,2026-06-18,101300.0,5671500000000.0
298540,2026-06-18,6200.0,89800000000.0
298830,2026-06-18,5130.0,274200000000.0
299030,2026-06-18,17320.0,138500000000.0
299170,2026-06-18,1571.0,65200000000.0
299900,2026-06-18,294.0,50300000000.0
300080,2026-06-18,7690.0,126900000000.0
300120,2026-06-18,562.0,27800000000.0
300720,2026-06-18,14050.0,1033300000000.0
301300,2026-06-18,1725.0,22700000000.0
302430,2026-06-18,7140.0,70200000000.0
302440,2026-06-18,39400.0,3091200000000.0
302550,2026-06-18,2975.0,91900000000.0
303530,2026-06-18,2790.0,20500000000.0
304100,2026-06-18,15550.0,195800000000.0
304360,2026-06-18,24400.0,302200000000.0
304840,2026-06-18,954.0,23200000000.0
306040,2026-06-18,2030.0,20000000000.0
306200,2026-06-18,138800.0,393700000000.0
306620,2026-06-18,2855.0,136900000000.0
307180,2026-06-18,5910.0,218000000000.0
307280,2026-06-18,5800.0,41100000000.0
307750,2026-06-18,2390.0,129000000000.0
307870,2026-06-18,955.0,71000000000.0
307950,2026-06-18,668000.0,18319200000000.0
308100,2026-06-18,574.0,13800000000.0
308170,2026-06-18,3410.0,29400000000.0
309710,2026-06-18,21000.0,268400000000.0
309930,2026-06-18,1204.0,5900000000.0
309960,2026-06-18,4540.0,105400000000.0
310200,2026-06-18,2200.0,114800000000.0
310210,2026-06-18,202500.0,3726400000000.0
310870,2026-06-18,1293.0,26700000000.0
311320,2026-06-18,8790.0,110900000000.0
311390,2026-06-18,3070.0,38800000000.0
311690,2026-06-18,4800.0,62700000000.0
313760,2026-06-18,468.0,5200000000.0
314130,2026-06-18,5270.0,237700000000.0
314930,2026-06-18,10810.0,321700000000.0
317120,2026-06-18,1640.0,25000000000.0
317240,2026-06-18,1074.0,31300000000.0
317330,2026-06-18,15220.0,311700000000.0
317400,2026-06-18,3560.0,138100000000.0
317450,2026-06-18,44100.0,643900000000.0
317530,2026-06-18,2925.0,51200000000.0
317690,2026-06-18,2800.0,56400000000.0
317770,2026-06-18,2570.0,94200000000.0
317830,2026-06-18,6370.0,68600000000.0
317850,2026-06-18,7070.0,58900000000.0
317870,2026-06-18,5470.0,48400000000.0
318000,2026-06-18,3385.0,29600000000.0
318010,2026-06-18,3550.0,28100000000.0
318020,2026-06-18,2440.0,30000000000.0
318060,2026-06-18,20650.0,230700000000.0
318160,2026-06-18,5940.0,55500000000.0
318410,2026-06-18,5990.0,33300000000.0
319400,2026-06-18,33700.0,3753400000000.0
319660,2026-06-18,172000.0,4982300000000.0
320000,2026-06-18,13710.0,91400000000.0
321260,2026-06-18,2555.0,72000000000.0
321370,2026-06-18,2445.0,126300000000.0
321550,2026-06-18,4315.0,129600000000.0
321820,2026-06-18,3395.0,52900000000.0
322000,2026-06-18,145000.0,1624000000000.0
322180,2026-06-18,5220.0,109200000000.0
322310,2026-06-18,29550.0,276800000000.0
322510,2026-06-18,5660.0,145600000000.0
322780,2026-06-18,2075.0,18600000000.0
323280,2026-06-18,48850.0,1491800000000.0
326030,2026-06-18,88700.0,6946400000000.0
327260,2026-06-18,63000.0,535200000000.0
328130,2026-06-18,13610.0,1012300000000.0
328380,2026-06-18,3135.0,21500000000.0
329180,2026-06-18,684000.0,71793500000000.0
331520,2026-06-18,2180.0,22200000000.0
331740,2026-06-18,10780.0,105100000000.0
331920,2026-06-18,14180.0,138900000000.0
332290,2026-06-18,994.0,39700000000.0
332370,2026-06-18,5020.0,66600000000.0
332570,2026-06-18,7110.0,332100000000.0
333430,2026-06-18,4025.0,123700000000.0
333620,2026-06-18,5410.0,59500000000.0
334890,2026-06-18,3545.0,246200000000.0
335810,2026-06-18,1700.0,37300000000.0
336060,2026-06-18,643.0,31000000000.0
336260,2026-06-18,64300.0,4211200000000.0
336370,2026-06-18,11200.0,786400000000.0
336570,2026-06-18,6180.0,553600000000.0
336680,2026-06-18,3000.0,117400000000.0
337930,2026-06-18,3165.0,93900000000.0
338220,2026-06-18,9060.0,126900000000.0
339770,2026-06-18,3995.0,199600000000.0
339950,2026-06-18,2515.0,113000000000.0
340360,2026-06-18,1283.0,66800000000.0
340570,2026-06-18,56100.0,456000000000.0
340810,2026-06-18,2605.0,35500000000.0
340930,2026-06-18,806.0,55500000000.0
342870,2026-06-18,4710.0,25700000000.0
344820,2026-06-18,23150.0,369700000000.0
347000,2026-06-18,1750.0,66200000000.0
347700,2026-06-18,27150.0,1399300000000.0
347740,2026-06-18,1905.0,57200000000.0
347770,2026-06-18,1051.0,24000000000.0
347850,2026-06-18,108300.0,4744000000000.0
347860,2026-06-18,1659.0,69100000000.0
347890,2026-06-18,5080.0,86200000000.0
348150,2026-06-18,3840.0,74600000000.0
348210,2026-06-18,56500.0,592000000000.0
348340,2026-06-18,49900.0,619200000000.0
348350,2026-06-18,8530.0,85100000000.0
348370,2026-06-18,31400.0,688000000000.0
348950,2026-06-18,1182.0,233300000000.0
350520,2026-06-18,3450.0,127200000000.0
351320,2026-06-18,1278.0,38000000000.0
351330,2026-06-18,4980.0,41300000000.0
351870,2026-06-18,2440.0,27200000000.0
352090,2026-06-18,3555.0,95500000000.0
352480,2026-06-18,20900.0,284900000000.0
352700,2026-06-18,1533.0,40300000000.0
352770,2026-06-18,5250.0,13600000000.0
352820,2026-06-18,228000.0,9827300000000.0
352910,2026-06-18,4350.0,55000000000.0
353190,2026-06-18,3000.0,23600000000.0
353200,2026-06-18,167600.0,8282300000000.0
353590,2026-06-18,1981.0,25500000000.0
353810,2026-06-18,6400.0,211700000000.0
354200,2026-06-18,874.0,23400000000.0
354320,2026-06-18,51500.0,329200000000.0
355390,2026-06-18,2710.0,43000000000.0
355690,2026-06-18,5350.0,50300000000.0
356860,2026-06-18,90100.0,885900000000.0
356890,2026-06-18,2465.0,29500000000.0
357230,2026-06-18,2270.0,93700000000.0
357430,2026-06-18,650.0,19800000000.0
357550,2026-06-18,43300.0,236200000000.0
357580,2026-06-18,8640.0,101900000000.0
357780,2026-06-18,403000.0,3134800000000.0
357880,2026-06-18,3795.0,200900000000.0
359090,2026-06-18,550.0,31600000000.0
360350,2026-06-18,8180.0,46900000000.0
361570,2026-06-18,1654.0,47500000000.0
361610,2026-06-18,18330.0,1499200000000.0
361670,2026-06-18,2375.0,13500000000.0
362320,2026-06-18,4545.0,96100000000.0
362990,2026-06-18,1164.0,19600000000.0
363250,2026-06-18,3735.0,31800000000.0
363260,2026-06-18,1040.0,33500000000.0
363280,2026-06-18,1995.0,90800000000.0
364950,2026-06-18,4510.0,37400000000.0
365330,2026-06-18,2265.0,113600000000.0
365340,2026-06-18,49650.0,641500000000.0
365550,2026-06-18,3980.0,979400000000.0
365900,2026-06-18,2720.0,19900000000.0
366030,2026-06-18,5020.0,113700000000.0
367000,2026-06-18,3000.0,25200000000.0
368600,2026-06-18,677.0,17300000000.0
368770,2026-06-18,14710.0,483300000000.0
368970,2026-06-18,2945.0,14300000000.0
369370,2026-06-18,889.0,44300000000.0
371950,2026-06-18,7190.0,162900000000.0
372170,2026-06-18,22200.0,177100000000.0
372320,2026-06-18,31000.0,472000000000.0
372800,2026-06-18,2905.0,20400000000.0
372910,2026-06-18,1991.0,55100000000.0
373110,2026-06-18,1334.0,23100000000.0
373160,2026-06-18,3565.0,49200000000.0
373200,2026-06-18,2885.0,72200000000.0
373220,2026-06-18,400000.0,93600000000000.0
375500,2026-06-18,79200.0,3064500000000.0
376270,2026-06-18,50500.0,363800000000.0
376290,2026-06-18,2355.0,41600000000.0
376300,2026-06-18,23150.0,549500000000.0
376900,2026-06-18,45300.0,719100000000.0
376930,2026-06-18,779.0,40000000000.0
376980,2026-06-18,2330.0,22800000000.0
377030,2026-06-18,1861.0,19900000000.0
377190,2026-06-18,2025.0,179000000000.0
377220,2026-06-18,745.0,21100000000.0
377300,2026-06-18,46050.0,6228800000000.0
377330,2026-06-18,2935.0,23900000000.0
377480,2026-06-18,12590.0,89500000000.0
377740,2026-06-18,4630.0,471700000000.0
378340,2026-06-18,13170.0,285000000000.0
378800,2026-06-18,1200.0,55500000000.0
378850,2026-06-18,3035.0,57600000000.0
380540,2026-06-18,8450.0,206700000000.0
380550,2026-06-18,12470.0,152100000000.0
381620,2026-06-18,7900.0,103600000000.0
382150,2026-06-18,4580.0,55900000000.0
382480,2026-06-18,2020.0,79500000000.0
382800,2026-06-18,6200.0,197400000000.0
382840,2026-06-18,7340.0,112100000000.0
382900,2026-06-18,28500.0,249700000000.0
383220,2026-06-18,80400.0,3079900000000.0
383310,2026-06-18,33350.0,699500000000.0
383800,2026-06-18,7990.0,609500000000.0
384470,2026-06-18,3310.0,59400000000.0
387570,2026-06-18,6290.0,35400000000.0
388050,2026-06-18,9220.0,172500000000.0
388210,2026-06-18,105900.0,1022400000000.0
388870,2026-06-18,6550.0,84800000000.0
389030,2026-06-18,2685.0,104800000000.0
389140,2026-06-18,6110.0,87200000000.0
389260,2026-06-18,16190.0,290100000000.0
389470,2026-06-18,43350.0,576900000000.0
393210,2026-06-18,3030.0,47300000000.0
393890,2026-06-18,11890.0,402400000000.0
393970,2026-06-18,2825.0,50400000000.0
394280,2026-06-18,14200.0,374100000000.0
394420,2026-06-18,22000.0,240600000000.0
394800,2026-06-18,7020.0,223400000000.0
395400,2026-06-18,5980.0,1800100000000.0
396470,2026-06-18,6550.0,105600000000.0
396690,2026-06-18,1520.0,60200000000.0
397810,2026-06-18,5220.0,26900000000.0
398120,2026-06-18,2265.0,26800000000.0
399720,2026-06-18,52000.0,615600000000.0
400760,2026-06-18,3080.0,169200000000.0
402340,2026-06-18,1700000.0,224329300000000.0
402490,2026-06-18,10820.0,183200000000.0
403490,2026-06-18,701.0,32200000000.0
403550,2026-06-18,11200.0,424900000000.0
403850,2026-06-18,11890.0,170600000000.0
404990,2026-06-18,3985.0,244000000000.0
405000,2026-06-18,3780.0,14500000000.0
405100,2026-06-18,15020.0,184600000000.0
405920,2026-06-18,2010.0,25900000000.0
406820,2026-06-18,2015.0,28500000000.0
407400,2026-06-18,2370.0,34700000000.0
408470,2026-06-18,8060.0,85200000000.0
408900,2026-06-18,1432.0,46900000000.0
408920,2026-06-18,3030.0,131000000000.0
411080,2026-06-18,5050.0,77100000000.0
412350,2026-06-18,6220.0,90800000000.0
412540,2026-06-18,3935.0,81100000000.0
413390,2026-06-18,6600.0,76400000000.0
413630,2026-06-18,2460.0,89600000000.0
413640,2026-06-18,6550.0,47200000000.0
416180,2026-06-18,26900.0,243200000000.0
417010,2026-06-18,6790.0,137000000000.0
417180,2026-06-18,4815.0,16900000000.0
417200,2026-06-18,16610.0,1123700000000.0
417500,2026-06-18,3805.0,124700000000.0
417840,2026-06-18,15540.0,352200000000.0
417860,2026-06-18,9210.0,43300000000.0
417970,2026-06-18,13320.0,85200000000.0
418550,2026-06-18,5630.0,180300000000.0
418620,2026-06-18,1126.0,22400000000.0
419050,2026-06-18,1315.0,75200000000.0
419080,2026-06-18,4160.0,44500000000.0
419120,2026-06-18,2975.0,42300000000.0
419530,2026-06-18,28350.0,289400000000.0
420570,2026-06-18,7200.0,42100000000.0
420770,2026-06-18,140300.0,1778400000000.0
424960,2026-06-18,4720.0,77800000000.0
425040,2026-06-18,18130.0,387500000000.0
425420,2026-06-18,52000.0,642100000000.0
430690,2026-06-18,3095.0,33700000000.0
431190,2026-06-18,2475.0,18500000000.0
432320,2026-06-18,1340.0,202000000000.0
432430,2026-06-18,3030.0,50000000000.0
432470,2026-06-18,9110.0,79900000000.0
434480,2026-06-18,2735.0,33700000000.0
435570,2026-06-18,6890.0,52500000000.0
437730,2026-06-18,47000.0,1490300000000.0
438700,2026-06-18,2470.0,27500000000.0
439090,2026-06-18,14550.0,238500000000.0
439260,2026-06-18,62400.0,2376700000000.0
439580,2026-06-18,2265.0,76700000000.0
440110,2026-06-18,104000.0,5210100000000.0
440320,2026-06-18,2610.0,25700000000.0
441270,2026-06-18,7560.0,317900000000.0
443060,2026-06-18,239000.0,10715200000000.0
443250,2026-06-18,6450.0,71800000000.0
443670,2026-06-18,3465.0,85700000000.0
445090,2026-06-18,29850.0,326100000000.0
445680,2026-06-18,59100.0,1016700000000.0
448280,2026-06-18,8320.0,246500000000.0
448900,2026-06-18,77300.0,469600000000.0
450330,2026-06-18,5500.0,45000000000.0
450520,2026-06-18,2205.0,32400000000.0
450950,2026-06-18,7760.0,292000000000.0
451220,2026-06-18,15300.0,120500000000.0
451250,2026-06-18,7670.0,78400000000.0
451760,2026-06-18,12120.0,200100000000.0
452160,2026-06-18,4200.0,40400000000.0
452190,2026-06-18,5170.0,123700000000.0
452260,2026-06-18,2630.0,509900000000.0
452400,2026-06-18,6840.0,62000000000.0
452450,2026-06-18,4600.0,165700000000.0
453340,2026-06-18,16710.0,542600000000.0
453450,2026-06-18,15990.0,127000000000.0
454910,2026-06-18,102700.0,6657000000000.0
455180,2026-06-18,1715.0,23900000000.0
456010,2026-06-18,22200.0,311000000000.0
456040,2026-06-18,104600.0,936400000000.0
457190,2026-06-18,81100.0,2450800000000.0
457600,2026-06-18,2070.0,28400000000.0
458350,2026-06-18,4615.0,40100000000.0
458650,2026-06-18,10240.0,154100000000.0
458870,2026-06-18,32800.0,1248400000000.0
459100,2026-06-18,5050.0,68000000000.0
459550,2026-06-18,1535.0,38700000000.0
460850,2026-06-18,5160.0,154300000000.0
460930,2026-06-18,14660.0,520600000000.0
460940,2026-06-18,5580.0,75100000000.0
462310,2026-06-18,3330.0,27300000000.0
462350,2026-06-18,11910.0,250700000000.0
462520,2026-06-18,14880.0,176400000000.0
462860,2026-06-18,2465.0,176900000000.0
462870,2026-06-18,30950.0,1815400000000.0
462980,2026-06-18,1500.0,27400000000.0
463480,2026-06-18,5540.0,68600000000.0
464490,2026-06-18,7310.0,83900000000.0
464500,2026-06-18,2380.0,33300000000.0
465480,2026-06-18,4240.0,43000000000.0
465770,2026-06-18,2495.0,17900000000.0
466100,2026-06-18,35500.0,903800000000.0
469610,2026-06-18,20100.0,179800000000.0
471820,2026-06-18,4615.0,52200000000.0
472850,2026-06-18,4635.0,266800000000.0
473980,2026-06-18,12280.0,135800000000.0
475150,2026-06-18,48700.0,1659100000000.0
475230,2026-06-18,9700.0,105700000000.0
475400,2026-06-18,22900.0,269200000000.0
475460,2026-06-18,6540.0,36900000000.0
475560,2026-06-18,15520.0,230100000000.0
475580,2026-06-18,8560.0,116600000000.0
475830,2026-06-18,64100.0,1379000000000.0
475960,2026-06-18,38000.0,508600000000.0
476040,2026-06-18,11610.0,76500000000.0
476080,2026-06-18,4715.0,38100000000.0
478560,2026-06-18,2800.0,72300000000.0
480370,2026-06-18,1650.0,53600000000.0
481070,2026-06-18,14340.0,205500000000.0
481850,2026-06-18,895.0,38900000000.0
483650,2026-06-18,200500.0,2500100000000.0
484120,2026-06-18,18540.0,203200000000.0
486990,2026-06-18,25050.0,534700000000.0
487570,2026-06-18,53200.0,198200000000.0
488280,2026-06-18,16270.0,175800000000.0
489460,2026-06-18,6310.0,94900000000.0
489500,2026-06-18,28850.0,184400000000.0
489790,2026-06-18,70000.0,3534200000000.0
490470,2026-06-18,26200.0,891500000000.0
491000,2026-06-18,42200.0,1055200000000.0
493330,2026-06-18,12590.0,96700000000.0
494120,2026-06-18,27600.0,210600000000.0
499790,2026-06-18,43850.0,869600000000.0
900070,2026-06-18,1214.0,32600000000.0
900100,2026-06-18,389.0,20500000000.0
900110,2026-06-18,1553.0,19100000000.0
900120,2026-06-18,391.0,14600000000.0
900140,2026-06-18,1368.0,264400000000.0
900250,2026-06-18,519.0,74400000000.0
900260,2026-06-18,1644.0,75700000000.0
900270,2026-06-18,631.0,15400000000.0
900290,2026-06-18,3260.0,266700000000.0
900300,2026-06-18,91.0,35400000000.0
900310,2026-06-18,1979.0,25300000000.0
900340,2026-06-18,1679.0,21100000000.0
950130,2026-06-18,2730.0,96000000000.0
950140,2026-06-18,8950.0,177800000000.0
950170,2026-06-18,4825.0,249700000000.0
950190,2026-06-18,9520.0,123900000000.0
950200,2026-06-18,2855.0,54900000000.0
950210,2026-06-18,6790.0,408100000000.0
950220,2026-06-18,1650.0,55300000000.0
000370,2026-06-18,6870.0,802000000000.0
001450,2026-06-18,39750.0,3388600000000.0
003690,2026-06-18,13750.0,2429900000000.0
005830,2026-06-18,149900.0,9818500000000.0
031210,2026-06-18,44600.0,3114000000000.0
032830,2026-06-18,469000.0,93800000000000.0
082640,2026-06-18,7970.0,1243800000000.0
085620,2026-06-18,32000.0,4325800000000.0
088350,2026-06-18,5440.0,4724800000000.0
001200,2026-06-18,4850.0,469800000000.0
001270,2026-06-18,63400.0,657500000000.0
001290,2026-06-18,937.0,101500000000.0
001500,2026-06-18,9120.0,563900000000.0
001510,2026-06-18,2995.0,692700000000.0
001720,2026-06-18,187200.0,3077600000000.0
003470,2026-06-18,5010.0,965300000000.0
003530,2026-06-18,5720.0,1227200000000.0
003540,2026-06-18,29700.0,1461800000000.0
005940,2026-06-18,31450.0,11207000000000.0
006800,2026-06-18,50700.0,28370000000000.0
016360,2026-06-18,119200.0,10644600000000.0
016610,2026-06-18,10280.0,436300000000.0
030210,2026-06-18,3550.0,216200000000.0
030610,2026-06-18,10770.0,1227400000000.0
039490,2026-06-18,350500.0,9193000000000.0
078020,2026-06-18,6470.0,359000000000.0
